Workbook

Sheet المخازن الفرعيه
M2: يناير 2026
E6: شركة اورشاب لتعدين الذهب
E7: المخازن 2025
K8: الكمية
B9: متسلسل | C9: المخزن | D9: القسم | E9: اسم الصنف عربي | F9: النوع | G9: اسم الصنف E | H9: رقم الصنف | I9: الرف - الصندوق | J9: كود الصنف | K9: الرصيد الافتتاحي | L9: الوارد | M9: المنصرف | N9: الرصيد الحالي | O9: الفعلي | P9: الجرد
B10: 1 | C10: فرعي (2) | D10: السباكة | E10: 1.1\4" ماسورة PPR | F10: قطعه | H10: 1.1\4" ماسورة PPR | I10: فرعي2 | J10: C000001 | K10: 16 | L10: =+SUMIF('حركه المخزن الرئيسي اليوميه'!$F:$F,$H:$H,'حركه المخزن الرئيسي اليوميه'!$H:$H) -> 0 | M10: =+SUMIF('حركه المخزن الرئيسي اليوميه'!$F:$F,$H:$H,'حركه المخزن الرئيسي اليوميه'!$I:$I) -> 0 | N10: =+K10+L10-M10 -> 16 | O10: =+N10 -> 16 | P10: =+N10-O10 -> 0
B11: 2 | C11: فرعي (2) | D11: السباكة | E11: ماسورة pvc | F11: فطعة | H11: ماسورة 4 بوصة pvc | I11: فرعي2 | J11: C000002 | K11: 9 | L11: =+SUMIF('حركه المخزن الرئيسي اليوميه'!$F:$F,$H:$H,'حركه المخزن الرئيسي اليوميه'!$H:$H) -> 0 | M11: =+SUMIF('حركه المخزن الرئيسي اليوميه'!$F:$F,$H:$H,'حركه المخزن الرئيسي اليوميه'!$I:$I) -> 0 | N11: =+K11+L11-M11 -> 9 | O11: =+N11 -> 9 | P11: =+N11-O11 -> 0
B12: 3 | C12: فرعي (2) | D12: الابار | E12: ماسورة فلتر (بلاستك) 6 بوصة طول 6متر | F12: قطعة | G12: Plastic Pipe | H12: ماسورة فلتر (بلاستك) 6 بوصة طول 6متر | I12: فرعي2 | J12: C000003 | K12: 11 | L12: =+SUMIF('حركه المخزن الرئيسي اليوميه'!$F:$F,$H:$H,'حركه المخزن الرئيسي اليوميه'!$H:$H) -> 0 | M12: =+SUMIF('حركه المخزن الرئيسي اليوميه'!$F:$F,$H:$H,'حركه المخزن الرئيسي اليوميه'!$I:$I) -> 0 | N12: =+K12+L12-M12 -> 11 | O12: =+N12 -> 11 | P12: =+N12-O12 -> 0
B13: 4 | C13: فرعي (2) | D13: الابار | E13: ماسورة بلاستيك صغيره -الابار | F13: قطعة | H13: ماسورة بلاستيك صغيره -الابار | I13: فرعي2 | J13: C000004 | K13: 47 | L13: =+SUMIF('حركه المخزن الرئيسي اليوميه'!$F:$F,$H:$H,'حركه المخزن الرئيسي اليوميه'!$H:$H) -> 0 | M13: =+SUMIF('حركه المخزن الرئيسي اليوميه'!$F:$F,$H:$H,'حركه المخزن الرئيسي اليوميه'!$I:$I) -> 0 | N13: =+K13+L13-M13 -> 47 | O13: =+N13 -> 47 | P13: =+N13-O13 -> 0
B14: 5 | C14: فرعي (2) | D14: السباكة | E14: تي pvc | F14: فطعة | H14: تي 4بوصة pvc | I14: فرعي2 | J14: C000005 | K14: 13 | L14: =+SUMIF('حركه المخزن الرئيسي اليوميه'!$F:$F,$H:$H,'حركه المخزن الرئيسي اليوميه'!$H:$H) -> 0 | M14: =+SUMIF('حركه المخزن الرئيسي اليوميه'!$F:$F,$H:$H,'حركه المخزن الرئيسي اليوميه'!$I:$I) -> 0 | N14: =+K14+L14-M14 -> 13 | O14: =+N14 -> 13 | P14: =+N14-O14 -> 0
B15: 6 | C15: فرعي (2) | D15: السباكة | E15: جلبة مخفض pvc | F15: فطعة | H15: جلبة مخفض 6" - 4 " pvc | I15: فرعي2 | J15: C000006 | K15: 4 | L15: =+SUMIF('حركه المخزن الرئيسي اليوميه'!$F:$F,$H:$H,'حركه المخزن الرئيسي اليوميه'!$H:$H) -> 0 | M15: =+SUMIF('حركه المخزن الرئيسي اليوميه'!$F:$F,$H:$H,'حركه المخزن الرئيسي اليوميه'!$I:$I) -> 0 | N15: =+K15+L15-M15 -> 4 | O15: =+N15 -> 4 | P15: =+N15-O15 -> 0
B16: 7 | C16: فرعي (2) | D16: السباكة | E16: تي pvc | F16: فطعة | H16: تي 6 بوصة pvc | I16: فرعي2 | J16: C000007 | K16: 7 | L16: =+SUMIF('حركه المخزن الرئيسي اليوميه'!$F:$F,$H:$H,'حركه المخزن الرئيسي اليوميه'!$H:$H) -> 0 | M16: =+SUMIF('حركه المخزن الرئيسي اليوميه'!$F:$F,$H:$H,'حركه المخزن الرئيسي اليوميه'!$I:$I) -> 0 | N16: =+K16+L16-M16 -> 7 | O16: =+N16 -> 7 | P16: =+N16-O16 -> 0
B17: 8 | C17: فرعي (2) | D17: السباكة | E17: كوع pvc | F17: فطعة | H17: كوع 4بوصة pvc زاوية قائمة | I17: فرعي2 | J17: C000008 | K17: 12 | L17: =+SUMIF('حركه المخزن الرئيسي اليوميه'!$F:$F,$H:$H,'حركه المخزن الرئيسي اليوميه'!$H:$H) -> 0 | M17: =+SUMIF('حركه المخزن الرئيسي اليوميه'!$F:$F,$H:$H,'حركه المخزن الرئيسي اليوميه'!$I:$I) -> 0 | N17: =+K17+L17-M17 -> 12 | O17: =+N17 -> 12 | P17: =+N17-O17 -> 0
B18: 9 | C18: فرعي (2) | D18: السباكة | E18: كوع pvc | F18: فطعة | H18: كوع 6بوصة pvc زاوية قائمة | I18: فرعي2 | J18: C000009 | K18: 4 | L18: =+SUMIF('حركه المخزن الرئيسي اليوميه'!$F:$F,$H:$H,'حركه المخزن الرئيسي اليوميه'!$H:$H) -> 0 | M18: =+SUMIF('حركه المخزن الرئيسي اليوميه'!$F:$F,$H:$H,'حركه المخزن الرئيسي اليوميه'!$I:$I) -> 0 | N18: =+K18+L18-M18 -> 4 | O18: =+N18 -> 4 | P18: =+N18-O18 -> 0
B19: 10 | C19: فرعي (2) | D19: المصنع | E19: اسكرين بلاستك (التنوكة) | F19: لفه | G19: Plastic Screen - Tanks | H19: اسكرين بلاستك (التنوكة) | I19: فرعي2 | J19: C000010 | K19: 16 | L19: =+SUMIF('حركه المخزن الرئيسي اليوميه'!$F:$F,$H:$H,'حركه المخزن الرئيسي اليوميه'!$H:$H) -> 0 | M19: =+SUMIF('حركه المخزن الرئيسي اليوميه'!$F:$F,$H:$H,'حركه المخزن الرئيسي اليوميه'!$I:$I) -> 0 | N19: =+K19+L19-M19 -> 16 | O19: =+N19 -> 16 | P19: =+N19-O19 -> 0
B20: 11 | C20: فرعي (2) | D20: السباكة | E20: ماسورة pvc | F20: فطعة | H20: ماسورة 6 بوصة pvc | I20: فرعي2 | J20: C000011 | K20: 5 | L20: =+SUMIF('حركه المخزن الرئيسي اليوميه'!$F:$F,$H:$H,'حركه المخزن الرئيسي اليوميه'!$H:$H) -> 0 | M20: =+SUMIF('حركه المخزن الرئيسي اليوميه'!$F:$F,$H:$H,'حركه المخزن الرئيسي اليوميه'!$I:$I) -> 0 | N20: =+K20+L20-M20 -> 5 | O20: =+N20 -> 5 | P20: =+N20-O20 -> 0
B21: 12 | C21: فرعي (2) | D21: السباكة | E21: ماسورة PPR | F21: قطعة | G21: PPR Pipe | H21: 4" ماسورة PPR | I21: فرعي2 | J21: C000012 | K21: 4 | L21: =+SUMIF('حركه المخزن الرئيسي اليوميه'!$F:$F,$H:$H,'حركه المخزن الرئيسي اليوميه'!$H:$H) -> 0 | M21: =+SUMIF('حركه المخزن الرئيسي اليوميه'!$F:$F,$H:$H,'حركه المخزن الرئيسي اليوميه'!$I:$I) -> 0 | N21: =+K21+L21-M21 -> 4 | O21: =+N21 -> 4 | P21: =+N21-O21 -> 0
B22: 13 | C22: فرعي (2) | D22: السباكة | E22: 2" PPR ماسورة | F22: قطعة | G22: HOSE PPR 2" | H22: 2" PPR ماسورة | I22: فرعي2 | J22: C000013 | K22: 3 | L22: =+SUMIF('حركه المخزن الرئيسي اليوميه'!$F:$F,$H:$H,'حركه المخزن الرئيسي اليوميه'!$H:$H) -> 0 | M22: =+SUMIF('حركه المخزن الرئيسي اليوميه'!$F:$F,$H:$H,'حركه المخزن الرئيسي اليوميه'!$I:$I) -> 0 | N22: =+K22+L22-M22 -> 3 | O22: =+N22 -> 3 | P22: =+N22-O22 -> 0
B23: 14 | C23: فرعي (1) | D23: المصنع | E23: كوع حديد لحام 3 بوصة DN65 | F23: قطعة | G23: Welding Iron elbow 3" | H23: كوع حديد لحام 3 بوصة DN65 | I23: R | J23: C000014 | K23: 22 | L23: =+SUMIF('حركه المخزن الرئيسي اليوميه'!$F:$F,$H:$H,'حركه المخزن الرئيسي اليوميه'!$H:$H) -> 0 | M23: =+SUMIF('حركه المخزن الرئيسي اليوميه'!$F:$F,$H:$H,'حركه المخزن الرئيسي اليوميه'!$I:$I) -> 0 | N23: =+K23+L23-M23 -> 22 | O23: =+N23 -> 22 | P23: =+N23-O23 -> 0
B24: 15 | C24: فرعي (1) | D24: المصنع | E24: كوع حديد لحام 4 بوصة DN100 | F24: قطعة | G24: Welding Iron elbow 4" | H24: كوع حديد لحام 4 بوصة DN100 | I24: R | J24: C000015 | K24: 0 | L24: =+SUMIF('حركه المخزن الرئيسي اليوميه'!$F:$F,$H:$H,'حركه المخزن الرئيسي اليوميه'!$H:$H) -> 0 | M24: =+SUMIF('حركه المخزن الرئيسي اليوميه'!$F:$F,$H:$H,'حركه المخزن الرئيسي اليوميه'!$I:$I) -> 0 | N24: =+K24+L24-M24 -> 0 | O24: =+N24 -> 0 | P24: =+N24-O24 -> 0
B25: 16 | C25: فرعي (1) | D25: المصنع | E25: كوع حديد لحام 6 بوصة DN150 | F25: قطعة | G25: Welding Iron elbow 6" | H25: كوع حديد لحام 6 بوصة DN150 | I25: R | J25: C000016 | K25: 17 | L25: =+SUMIF('حركه المخزن الرئيسي اليوميه'!$F:$F,$H:$H,'حركه المخزن الرئيسي اليوميه'!$H:$H) -> 0 | M25: =+SUMIF('حركه المخزن الرئيسي اليوميه'!$F:$F,$H:$H,'حركه المخزن الرئيسي اليوميه'!$I:$I) -> 0 | N25: =+K25+L25-M25 -> 17 | O25: =+N25 -> 17 | P25: =+N25-O25 -> 0
B26: 17 | C26: فرعي (1) | D26: المصنع | E26: كوع حديد لحام 5 بوصة | F26: قطعة | G26: Welding Iron elbow 5" | H26: كوع حديد لحام 5 بوصة | I26: R | J26: C000017 | K26: 3 | L26: =+SUMIF('حركه المخزن الرئيسي اليوميه'!$F:$F,$H:$H,'حركه المخزن الرئيسي اليوميه'!$H:$H) -> 0 | M26: =+SUMIF('حركه المخزن الرئيسي اليوميه'!$F:$F,$H:$H,'حركه المخزن الرئيسي اليوميه'!$I:$I) -> 0 | N26: =+K26+L26-M26 -> 3 | O26: =+N26 -> 3 | P26: =+N26-O26 -> 0
B27: 18 | C27: فرعي (1) | D27: المصنع | E27: كوع حديد لحام 8" DN200 | F27: قطعة | G27: ELBOW IRON | H27: كوع حديد لحام 8" DN200 | I27: R | J27: C000018 | K27: 19 | L27: =+SUMIF('حركه المخزن الرئيسي اليوميه'!$F:$F,$H:$H,'حركه المخزن الرئيسي اليوميه'!$H:$H) -> 0 | M27: =+SUMIF('حركه المخزن الرئيسي اليوميه'!$F:$F,$H:$H,'حركه المخزن الرئيسي اليوميه'!$I:$I) -> 0 | N27: =+K27+L27-M27 -> 19 | O27: =+N27 -> 19 | P27: =+N27-O27 -> 0
B28: 19 | C28: فرعي (1) | D28: المصنع | E28: بلف بلية | F28: قطعة | G28: Ball Valve | H28: DN125 بلف بلية | I28: A-9 | J28: C000019 | K28: 5 | L28: =+SUMIF('حركه المخزن الرئيسي اليوميه'!$F:$F,$H:$H,'حركه المخزن الرئيسي اليوميه'!$H:$H) -> 0 | M28: =+SUMIF('حركه المخزن الرئيسي اليوميه'!$F:$F,$H:$H,'حركه المخزن الرئيسي اليوميه'!$I:$I) -> 1 | N28: =+K28+L28-M28 -> 4 | O28: =+N28 -> 4 | P28: =+N28-O28 -> 0
B29: 20 | C29: فرعي (1) | D29: المصنع | E29: بلف سايكلون | F29: قطعة | G29: Valve | H29: DN 80 | I29: A-9 | J29: C000020 | K29: 10 | L29: =+SUMIF('حركه المخزن الرئيسي اليوميه'!$F:$F,$H:$H,'حركه المخزن الرئيسي اليوميه'!$H:$H) -> 0 | M29: =+SUMIF('حركه المخزن الرئيسي اليوميه'!$F:$F,$H:$H,'حركه المخزن الرئيسي اليوميه'!$I:$I) -> 3 | N29: =+K29+L29-M29 -> 7 | O29: =+N29 -> 7 | P29: =+N29-O29 -> 0
B30: 21 | C30: فرعي (1) | D30: المصنع | E30: بلف رداخ | F30: قطعة | G30: Valve | H30: PN50 | I30: A-8 | J30: C000021 | K30: 3 | L30: =+SUMIF('حركه المخزن الرئيسي اليوميه'!$F:$F,$H:$H,'حركه المخزن الرئيسي اليوميه'!$H:$H) -> 0 | M30: =+SUMIF('حركه المخزن الرئيسي اليوميه'!$F:$F,$H:$H,'حركه المخزن الرئيسي اليوميه'!$I:$I) -> 0 | N30: =+K30+L30-M30 -> 3 | O30: =+N30 -> 3 | P30: =+N30-O30 -> 0
B31: 22 | C31: فرعي (1) | D31: المصنع | E31: بلف بلية | F31: قطعة | G31: Ball Valve | H31: DN80 بلف بلية | I31: A-9 | J31: C000022 | K31: 2 | L31: =+SUMIF('حركه المخزن الرئيسي اليوميه'!$F:$F,$H:$H,'حركه المخزن الرئيسي اليوميه'!$H:$H) -> 0 | M31: =+SUMIF('حركه المخزن الرئيسي اليوميه'!$F:$F,$H:$H,'حركه المخزن الرئيسي اليوميه'!$I:$I) -> 0 | N31: =+K31+L31-M31 -> 2 | O31: =+N31 -> 2 | P31: =+N31-O31 -> 0
B32: 23 | C32: فرعي (1) | D32: المصنع | E32: بلف رداخ | F32: قطعة | G32: Valve | H32: PN80 | I32: A-8 | J32: C000023 | K32: 25 | L32: =+SUMIF('حركه المخزن الرئيسي اليوميه'!$F:$F,$H:$H,'حركه المخزن الرئيسي اليوميه'!$H:$H) -> 0 | M32: =+SUMIF('حركه المخزن الرئيسي اليوميه'!$F:$F,$H:$H,'حركه المخزن الرئيسي اليوميه'!$I:$I) -> 0 | N32: =+K32+L32-M32 -> 25 | O32: =+N32 -> 25 | P32: =+N32-O32 -> 0
... B35: 26 | C35: فرعي (1) | D35: المصنع | E35: بلف سايكلون | F35: قطعة | G35: Valve | H35: DN 100/16 | I35: A-14 | J35: C000026 | K35: 2 | L35: =+SUMIF('حركه المخزن الرئيسي اليوميه'!$F:$F,$H:$H,'حركه المخزن الرئيسي اليوميه'!$H:$H) -> 0 | M35: =+SUMIF('حركه المخزن الرئيسي اليوميه'!$F:$F,$H:$H,'حركه المخزن الرئيسي اليوميه'!$I:$I) -> 0 | N35: =+K35+L35-M35 -> 2 | O35: =+N35 -> 2 | P35: =+N35-O35 -> 0
B36: 27 | C36: فرعي (1) | D36: المصنع | E36: بلف بلية | F36: قطعة | H36: DN25 بلف بلية | I36: A-7 | J36: C000027 | K36: 47 | L36: =+SUMIF('حركه المخزن الرئيسي اليوميه'!$F:$F,$H:$H,'حركه المخزن الرئيسي اليوميه'!$H:$H) -> 0 | M36: =+SUMIF('حركه المخزن الرئيسي اليوميه'!$F:$F,$H:$H,'حركه المخزن الرئيسي اليوميه'!$I:$I) -> 0 | N36: =+K36+L36-M36 -> 47 | O36: =+N36 -> 47 | P36: =+N36-O36 -> 0
B37: 32 | C37: فرعي (1) | D37: المصنع | E37: بلف بلية | F37: قطعة | H37: DN15 بلف بلية | I37: A-7 | J37: C000028 | K37: 45 | L37: =+SUMIF('حركه المخزن الرئيسي اليوميه'!$F:$F,$H:$H,'حركه المخزن الرئيسي اليوميه'!$H:$H) -> 0 | M37: =+SUMIF('حركه المخزن الرئيسي اليوميه'!$F:$F,$H:$H,'حركه المخزن الرئيسي اليوميه'!$I:$I) -> 0 | N37: =+K37+L37-M37 -> 45 | O37: =+N37 -> 45 | P37: =+N37-O37 -> 0
B38: 33 | C38: فرعي (1) | D38: المصنع | E38: بلف | F38: قطعة | G38: Valve | H38: DN65 | I38: A-14 | J38: C000029 | K38: 14 | L38: =+SUMIF('حركه المخزن الرئيسي اليوميه'!$F:$F,$H:$H,'حركه المخزن الرئيسي اليوميه'!$H:$H) -> 0 | M38: =+SUMIF('حركه المخزن الرئيسي اليوميه'!$F:$F,$H:$H,'حركه المخزن الرئيسي اليوميه'!$I:$I) -> 0 | N38: =+K38+L38-M38 -> 14 | O38: =+N38 -> 14 | P38: =+N38-O38 -> 0
B39: 34 | C39: فرعي (1) | D39: المصنع | E39: بلف | F39: قطعة | G39: Valve | H39: DN25 | I39: A-7 | J39: C000030 | K39: 7 | L39: =+SUMIF('حركه المخزن الرئيسي اليوميه'!$F:$F,$H:$H,'حركه المخزن الرئيسي اليوميه'!$H:$H) -> 0 | M39: =+SUMIF('حركه المخزن الرئيسي اليوميه'!$F:$F,$H:$H,'حركه المخزن الرئيسي اليوميه'!$I:$I) -> 0 | N39: =+K39+L39-M39 -> 7 | O39: =+N39 -> 7 | P39: =+N39-O39 -> 0
B40: 35 | C40: فرعي (1) | D40: المصنع | E40: بلف | F40: قطعة | G40: Valve | H40: DN32 | I40: A-7 | J40: C000031 | K40: 15 | L40: =+SUMIF('حركه المخزن الرئيسي اليوميه'!$F:$F,$H:$H,'حركه المخزن الرئيسي اليوميه'!$H:$H) -> 0 | M40: =+SUMIF('حركه المخزن الرئيسي اليوميه'!$F:$F,$H:$H,'حركه المخزن الرئيسي اليوميه'!$I:$I) -> 0 | N40: =+K40+L40-M40 -> 15 | O40: =+N40 -> 15 | P40: =+N40-O40 -> 0
B41: 36 | C41: فرعي (1) | D41: المصنع | E41: بلف عادي | F41: قطعة | G41: Valve | H41: DN50 بلف | I41: A-13 | J41: C000032 | K41: 35 | L41: =+SUMIF('حركه المخزن الرئيسي اليوميه'!$F:$F,$H:$H,'حركه المخزن الرئيسي اليوميه'!$H:$H) -> 0 | M41: =+SUMIF('حركه المخزن الرئيسي اليوميه'!$F:$F,$H:$H,'حركه المخزن الرئيسي اليوميه'!$I:$I) -> 2 | N41: =+K41+L41-M41 -> 33 | O41: =+N41 -> 33 | P41: =+N41-O41 -> 0
B42: 37 | C42: فرعي (1) | D42: المصنع | E42: بلف | F42: قطعة | G42: Valve | H42: DN40 | I42: A-7 | J42: C000033 | K42: 14 | L42: =+SUMIF('حركه المخزن الرئيسي اليوميه'!$F:$F,$H:$H,'حركه المخزن الرئيسي اليوميه'!$H:$H) -> 0 | M42: =+SUMIF('حركه المخزن الرئيسي اليوميه'!$F:$F,$H:$H,'حركه المخزن الرئيسي اليوميه'!$I:$I) -> 0 | N42: =+K42+L42-M42 -> 14 | O42: =+N42 -> 14 | P42: =+N42-O42 -> 0
B43: 38 | C43: فرعي (1) | D43: المصنع | E43: بلف | F43: قطعة | G43: Valve | H43: DN80 بلف | I43: A-13 | J43: C000034 | K43: 5 | L43: =+SUMIF('حركه المخزن الرئيسي اليوميه'!$F:$F,$H:$H,'حركه المخزن الرئيسي اليوميه'!$H:$H) -> 0 | M43: =+SUMIF('حركه المخزن الرئيسي اليوميه'!$F:$F,$H:$H,'حركه المخزن الرئيسي اليوميه'!$I:$I) -> 1 | N43: =+K43+L43-M43 -> 4 | O43: =+N43 -> 4 | P43: =+N43-O43 -> 0
B44: 39 | C44: فرعي (1) | D44: المصنع | E44: DN 100/16 بلف عادي | F44: قطعة | G44: Valve | H44: DN 100/16 بلف عادي | I44: A-13 | J44: C000035 | K44: 4 | L44: =+SUMIF('حركه المخزن الرئيسي اليوميه'!$F:$F,$H:$H,'حركه المخزن الرئيسي اليوميه'!$H:$H) -> 0 | M44: =+SUMIF('حركه المخزن الرئيسي اليوميه'!$F:$F,$H:$H,'حركه المخزن الرئيسي اليوميه'!$I:$I) -> 2 | N44: =+K44+L44-M44 -> 2 | O44: =+N44 -> 2 | P44: =+N44-O44 -> 0
B45: 40 | C45: فرعي (1) | D45: المصنع | E45: lower cone line | F45: قطعة | G45: lower cone line | H45: بلاستيك lower cone line | I45: A-2 | J45: C000036 | K45: 2 | L45: =+SUMIF('حركه المخزن الرئيسي اليوميه'!$F:$F,$H:$H,'حركه المخزن الرئيسي اليوميه'!$H:$H) -> 0 | M45: =+SUMIF('حركه المخزن الرئيسي اليوميه'!$F:$F,$H:$H,'حركه المخزن الرئيسي اليوميه'!$I:$I) -> 0 | N45: =+K45+L45-M45 -> 2 | O45: =+N45 -> 2 | P45: =+N45-O45 -> 0
B46: 41 | C46: فرعي (1) | D46: المصنع | E46: كوع فلنشة سايكلون | F46: قطعة | G46: Elbow Flange | H46: كوع فلنشة سايكلون | I46: A-4 | J46: C000037 | K46: 2 | L46: =+SUMIF('حركه المخزن الرئيسي اليوميه'!$F:$F,$H:$H,'حركه المخزن الرئيسي اليوميه'!$H:$H) -> 0 | M46: =+SUMIF('حركه المخزن الرئيسي اليوميه'!$F:$F,$H:$H,'حركه المخزن الرئيسي اليوميه'!$I:$I) -> 0 | N46: =+K46+L46-M46 -> 2 | O46: =+N46 -> 2 | P46: =+N46-O46 -> 0
B47: 42 | C47: فرعي (1) | D47: المصنع | E47: خرطوش حلقوم 20 ملى (تمديدات كوابل) | F47: لفة | G47: Cable Hose 20 mm | H47: خرطوش حلقوم 20 ملى (تمديدات كوابل) | I47: A-12 | J47: C000038 | K47: 1 | L47: =+SUMIF('حركه المخزن الرئيسي اليوميه'!$F:$F,$H:$H,'حركه المخزن الرئيسي اليوميه'!$H:$H) -> 0 | M47: =+SUMIF('حركه المخزن الرئيسي اليوميه'!$F:$F,$H:$H,'حركه المخزن الرئيسي اليوميه'!$I:$I) -> 0 | N47: =+K47+L47-M47 -> 1 | O47: =+N47 -> 1 | P47: =+N47-O47 -> 0
B48: 43 | C48: فرعي (1) | D48: المصنع | E48: Over fLow. Ben | F48: قطعة | G48: Over fLow. Ben | H48: حديد Over fLow. Ben | I48: A-4 | J48: C000039 | K48: 2 | L48: =+SUMIF('حركه المخزن الرئيسي اليوميه'!$F:$F,$H:$H,'حركه المخزن الرئيسي اليوميه'!$H:$H) -> 0 | M48: =+SUMIF('حركه المخزن الرئيسي اليوميه'!$F:$F,$H:$H,'حركه المخزن الرئيسي اليوميه'!$I:$I) -> 0 | N48: =+K48+L48-M48 -> 2 | O48: =+N48 -> 2 | P48: =+N48-O48 -> 0
B49: 44 | C49: فرعي (1) | D49: المصنع | E49: جهاز فرامل - الكسارة | F49: قطعة | G49: PAD DIVIES | H49: جهاز فرامل - الكسارة | I49: R | J49: C000040 | K49: 4 | L49: =+SUMIF('حركه المخزن الرئيسي اليوميه'!$F:$F,$H:$H,'حركه المخزن الرئيسي اليوميه'!$H:$H) -> 0 | M49: =+SUMIF('حركه المخزن الرئيسي اليوميه'!$F:$F,$H:$H,'حركه المخزن الرئيسي اليوميه'!$I:$I) -> 0 | N49: =+K49+L49-M49 -> 4 | O49: =+N49 -> 4 | P49: =+N49-O49 -> 0
B50: 45 | C50: فرعي (1) | D50: المصنع | E50: كبير fortex findar | F50: قطعة | G50: fortex findar | H50: حديد كبير fortex findar | I50: R | J50: C000041 | K50: 4 | L50: =+SUMIF('حركه المخزن الرئيسي اليوميه'!$F:$F,$H:$H,'حركه المخزن الرئيسي اليوميه'!$H:$H) -> 0 | M50: =+SUMIF('حركه المخزن الرئيسي اليوميه'!$F:$F,$H:$H,'حركه المخزن الرئيسي اليوميه'!$I:$I) -> 0 | N50: =+K50+L50-M50 -> 4 | O50: =+N50 -> 4 | P50: =+N50-O50 -> 0
B51: 46 | C51: فرعي (1) | D51: المصنع | E51: صغير fortex findar | F51: قطعه | H51: صغير fortex findar | I51: A-3 | J51: C000042 | K51: 4 | L51: =+SUMIF('حركه المخزن الرئيسي اليوميه'!$F:$F,$H:$H,'حركه المخزن الرئيسي اليوميه'!$H:$H) -> 0 | M51: =+SUMIF('حركه المخزن الرئيسي اليوميه'!$F:$F,$H:$H,'حركه المخزن الرئيسي اليوميه'!$I:$I) -> 0 | N51: =+K51+L51-M51 -> 4 | O51: =+N51 -> 4 | P51: =+N51-O51 -> 0
B52: 47 | C52: فرعي (1) | D52: المصنع | E52: Spigot.steeL. SheLL | F52: قطعة | G52: Spigot.steeL. SheLL | H52: Spigot.steeL. SheLL حديد | I52: A-4 | J52: C000043 | K52: 6 | L52: =+SUMIF('حركه المخزن الرئيسي اليوميه'!$F:$F,$H:$H,'حركه المخزن الرئيسي اليوميه'!$H:$H) -> 0 | M52: =+SUMIF('حركه المخزن الرئيسي اليوميه'!$F:$F,$H:$H,'حركه المخزن الرئيسي اليوميه'!$I:$I) -> 0 | N52: =+K52+L52-M52 -> 6 | O52: =+N52 -> 6 | P52: =+N52-O52 -> 0
B53: 48 | C53: فرعي (1) | D53: المصنع | E53: بلاستيك fortex findar | F53: قطعه | H53: بلاستيك fortex findar | I53: A-4 | J53: C000044 | K53: 7 | L53: =+SUMIF('حركه المخزن الرئيسي اليوميه'!$F:$F,$H:$H,'حركه المخزن الرئيسي اليوميه'!$H:$H) -> 0 | M53: =+SUMIF('حركه المخزن الرئيسي اليوميه'!$F:$F,$H:$H,'حركه المخزن الرئيسي اليوميه'!$I:$I) -> 0 | N53: =+K53+L53-M53 -> 7 | O53: =+N53 -> 7 | P53: =+N53-O53 -> 0
B54: 49 | C54: فرعي (1) | D54: المصنع | E54: Spigot | F54: قطعة | G54: Spigot | H54: بلاستيك Spigot | I54: A-2 | J54: C000045 | K54: 11 | L54: =+SUMIF('حركه المخزن الرئيسي اليوميه'!$F:$F,$H:$H,'حركه المخزن الرئيسي اليوميه'!$H:$H) -> 0 | M54: =+SUMIF('حركه المخزن الرئيسي اليوميه'!$F:$F,$H:$H,'حركه المخزن الرئيسي اليوميه'!$I:$I) -> 0 | N54: =+K54+L54-M54 -> 11 | O54: =+N54 -> 11 | P54: =+N54-O54 -> 0
B55: 50 | C55: فرعي (1) | D55: المصنع | E55: Line | F55: قطعة | G55: Line | H55: upper.cone | I55: A-2 | J55: C000046 | K55: 2 | L55: =+SUMIF('حركه المخزن الرئيسي اليوميه'!$F:$F,$H:$H,'حركه المخزن الرئيسي اليوميه'!$H:$H) -> 0 | M55: =+SUMIF('حركه المخزن الرئيسي اليوميه'!$F:$F,$H:$H,'حركه المخزن الرئيسي اليوميه'!$I:$I) -> 0 | N55: =+K55+L55-M55 -> 2 | O55: =+N55 -> 2 | P55: =+N55-O55 -> 0
B56: 51 | C56: فرعي (1) | D56: المصنع | E56: رولة سير حديد | F56: قطعة | G56: ROLLER | H56: 80*240 | I56: A-10 | J56: C000047 | K56: 41 | L56: =+SUMIF('حركه المخزن الرئيسي اليوميه'!$F:$F,$H:$H,'حركه المخزن الرئيسي اليوميه'!$H:$H) -> 0 | M56: =+SUMIF('حركه المخزن الرئيسي اليوميه'!$F:$F,$H:$H,'حركه المخزن الرئيسي اليوميه'!$I:$I) -> 1 | N56: =+K56+L56-M56 -> 40 | O56: =+N56 -> 40 | P56: =+N56-O56 -> 0
B57: 52 | C57: فرعي (1) | D57: المصنع | E57: رولة سير حديد | F57: قطعة | G57: ROLLER | H57: 89*950 | I57: A-10 | J57: C000048 | K57: 88 | L57: =+SUMIF('حركه المخزن الرئيسي اليوميه'!$F:$F,$H:$H,'حركه المخزن الرئيسي اليوميه'!$H:$H) -> 0 | M57: =+SUMIF('حركه المخزن الرئيسي اليوميه'!$F:$F,$H:$H,'حركه المخزن الرئيسي اليوميه'!$I:$I) -> 2 | N57: =+K57+L57-M57 -> 86 | O57: =+N57 -> 86 | P57: =+N57-O57 -> 0
B58: 53 | C58: فرعي (1) | D58: المصنع | E58: رولة سير حديد | F58: قطعة | G58: ROLLER | H58: 89*750 | I58: A-15 | J58: C000049 | K58: 29 | L58: =+SUMIF('حركه المخزن الرئيسي اليوميه'!$F:$F,$H:$H,'حركه المخزن الرئيسي اليوميه'!$H:$H) -> 0 | M58: =+SUMIF('حركه المخزن الرئيسي اليوميه'!$F:$F,$H:$H,'حركه المخزن الرئيسي اليوميه'!$I:$I) -> 0 | N58: =+K58+L58-M58 -> 29 | O58: =+N58 -> 29 | P58: =+N58-O58 -> 0
B59: 54 | C59: فرعي (1) | D59: المصنع | E59: مراوح حديد | F59: قطعة | G59: FAN IRON | H59: مراوح حديد | I59: R | J59: C000050 | K59: 7 | L59: =+SUMIF('حركه المخزن الرئيسي اليوميه'!$F:$F,$H:$H,'حركه المخزن الرئيسي اليوميه'!$H:$H) -> 0 | M59: =+SUMIF('حركه المخزن الرئيسي اليوميه'!$F:$F,$H:$H,'حركه المخزن الرئيسي اليوميه'!$I:$I) -> 0 | N59: =+K59+L59-M59 -> 7 | O59: =+N59 -> 7 | P59: =+N59-O59 -> 0
B60: 55 | C60: فرعي (1) | D60: المصنع | E60: مراوح بلاستيك | F60: قطعة | G60: FAN PLASTIC | H60: مراوح بلاستيك ربر | I60: R | J60: C000051 | K60: 13 | L60: =+SUMIF('حركه المخزن الرئيسي اليوميه'!$F:$F,$H:$H,'حركه المخزن الرئيسي اليوميه'!$H:$H) -> 0 | M60: =+SUMIF('حركه المخزن الرئيسي اليوميه'!$F:$F,$H:$H,'حركه المخزن الرئيسي اليوميه'!$I:$I) -> 0 | N60: =+K60+L60-M60 -> 13 | O60: =+N60 -> 13 | P60: =+N60-O60 -> 0
B61: 56 | C61: فرعي (1) | D61: المصنع | E61: رولة سيرتوجية حديد | F61: قطعة | G61: ROLLER | H61: 57*160 | I61: A-9 | J61: C000052 | K61: 105 | L61: =+SUMIF('حركه المخزن الرئيسي اليوميه'!$F:$F,$H:$H,'حركه المخزن الرئيسي اليوميه'!$H:$H) -> 0 | M61: =+SUMIF('حركه المخزن الرئيسي اليوميه'!$F:$F,$H:$H,'حركه المخزن الرئيسي اليوميه'!$I:$I) -> 1 | N61: =+K61+L61-M61 -> 104 | O61: =+N61 -> 104 | P61: =+N61-O61 -> 0
B62: 57 | C62: فرعي (1) | D62: المصنع | E62: رولة سير حديد | F62: قطعة | G62: ROLLER | H62: 80*190 | I62: A-15 | J62: C000053 | K62: 118 | L62: =+SUMIF('حركه المخزن الرئيسي اليوميه'!$F:$F,$H:$H,'حركه المخزن الرئيسي اليوميه'!$H:$H) -> 0 | M62: =+SUMIF('حركه المخزن الرئيسي اليوميه'!$F:$F,$H:$H,'حركه المخزن الرئيسي اليوميه'!$I:$I) -> 0 | N62: =+K62+L62-M62 -> 118 | O62: =+N62 -> 118 | P62: =+N62-O62 -> 0
B63: 58 | C63: فرعي (1) | D63: المصنع | E63: بلف سايكلون | F63: قطعة | G63: Valve | H63: DN125 بلف سايكلون | I63: A-14 | J63: C000054 | K63: 3 | L63: =+SUMIF('حركه المخزن الرئيسي اليوميه'!$F:$F,$H:$H,'حركه المخزن الرئيسي اليوميه'!$H:$H) -> 0 | M63: =+SUMIF('حركه المخزن الرئيسي اليوميه'!$F:$F,$H:$H,'حركه المخزن الرئيسي اليوميه'!$I:$I) -> 0 | N63: =+K63+L63-M63 -> 3 | O63: =+N63 -> 3 | P63: =+N63-O63 -> 0
B64: 59 | C64: فرعي (1) | D64: المصنع | E64: بلف رداخ موزع | F64: قطعة | G64: Valve | H64: كبير 150 | I64: R | J64: C000055 | K64: 7 | L64: =+SUMIF('حركه المخزن الرئيسي اليوميه'!$F:$F,$H:$H,'حركه المخزن الرئيسي اليوميه'!$H:$H) -> 0 | M64: =+SUMIF('حركه المخزن الرئيسي اليوميه'!$F:$F,$H:$H,'حركه المخزن الرئيسي اليوميه'!$I:$I) -> 0 | N64: =+K64+L64-M64 -> 7 | O64: =+N64 -> 7 | P64: =+N64-O64 -> 0
B65: 60 | C65: فرعي (1) | D65: المصنع | E65: بلف رداخ موزع | F65: قطعة | G65: Valve | H65: صغير 80 | I65: R | J65: C000056 | K65: 6 | L65: =+SUMIF('حركه المخزن الرئيسي اليوميه'!$F:$F,$H:$H,'حركه المخزن الرئيسي اليوميه'!$H:$H) -> 0 | M65: =+SUMIF('حركه المخزن الرئيسي اليوميه'!$F:$F,$H:$H,'حركه المخزن الرئيسي اليوميه'!$I:$I) -> 0 | N65: =+K65+L65-M65 -> 6 | O65: =+N65 -> 6 | P65: =+N65-O65 -> 0
... B72: 67 | C72: فرعي (1) | D72: المصنع | E72: بلف | F72: قطعة | G72: Valve | H72: B4.125Z | I72: R | J72: C000063 | K72: 1 | L72: =+SUMIF('حركه المخزن الرئيسي اليوميه'!$F:$F,$H:$H,'حركه المخزن الرئيسي اليوميه'!$H:$H) -> 0 | M72: =+SUMIF('حركه المخزن الرئيسي اليوميه'!$F:$F,$H:$H,'حركه المخزن الرئيسي اليوميه'!$I:$I) -> 0 | N72: =+K72+L72-M72 -> 1 | O72: =+N72 -> 1 | P72: =+N72-O72 -> 0
B73: 68 | C73: فرعي (1) | D73: المصنع | E73: فلنشة حديد DN80 | F73: قطعة | H73: فلنشة حديد DN80 | I73: R | J73: C000064 | K73: 11 | L73: =+SUMIF('حركه المخزن الرئيسي اليوميه'!$F:$F,$H:$H,'حركه المخزن الرئيسي اليوميه'!$H:$H) -> 0 | M73: =+SUMIF('حركه المخزن الرئيسي اليوميه'!$F:$F,$H:$H,'حركه المخزن الرئيسي اليوميه'!$I:$I) -> 0 | N73: =+K73+L73-M73 -> 11 | O73: =+N73 -> 11 | P73: =+N73-O73 -> 0
B74: 69 | C74: فرعي (1) | D74: المصنع | E74: فلنشة استيل DN80 | F74: قطعة | H74: فلنشة استيل DN80 | I74: R | J74: C000065 | K74: 25 | L74: =+SUMIF('حركه المخزن الرئيسي اليوميه'!$F:$F,$H:$H,'حركه المخزن الرئيسي اليوميه'!$H:$H) -> 0 | M74: =+SUMIF('حركه المخزن الرئيسي اليوميه'!$F:$F,$H:$H,'حركه المخزن الرئيسي اليوميه'!$I:$I) -> 0 | N74: =+K74+L74-M74 -> 25 | O74: =+N74 -> 25 | P74: =+N74-O74 -> 0
B75: 70 | C75: فرعي (1) | D75: المصنع | E75: فلنشة حديد DN50 | F75: قطعة | H75: فلنشة حديد DN50 | I75: R | J75: C000066 | K75: 4 | L75: =+SUMIF('حركه المخزن الرئيسي اليوميه'!$F:$F,$H:$H,'حركه المخزن الرئيسي اليوميه'!$H:$H) -> 0 | M75: =+SUMIF('حركه المخزن الرئيسي اليوميه'!$F:$F,$H:$H,'حركه المخزن الرئيسي اليوميه'!$I:$I) -> 1 | N75: =+K75+L75-M75 -> 3 | O75: =+N75 -> 3 | P75: =+N75-O75 -> 0
B76: 71 | C76: فرعي (1) | D76: المصنع | E76: فلنشة استيل DN50 | F76: قطعة | H76: فلنشة استيل DN50 | I76: R | J76: C000067 | K76: 30 | L76: =+SUMIF('حركه المخزن الرئيسي اليوميه'!$F:$F,$H:$H,'حركه المخزن الرئيسي اليوميه'!$H:$H) -> 0 | M76: =+SUMIF('حركه المخزن الرئيسي اليوميه'!$F:$F,$H:$H,'حركه المخزن الرئيسي اليوميه'!$I:$I) -> 0 | N76: =+K76+L76-M76 -> 30 | O76: =+N76 -> 30 | P76: =+N76-O76 -> 0
B77: 72 | C77: فرعي (1) | D77: المصنع | E77: فلنشة حديد DN40 | F77: قطعة | H77: فلنشة حديد DN40 | I77: R | J77: C000068 | K77: 27 | L77: =+SUMIF('حركه المخزن الرئيسي اليوميه'!$F:$F,$H:$H,'حركه المخزن الرئيسي اليوميه'!$H:$H) -> 0 | M77: =+SUMIF('حركه المخزن الرئيسي اليوميه'!$F:$F,$H:$H,'حركه المخزن الرئيسي اليوميه'!$I:$I) -> 0 | N77: =+K77+L77-M77 -> 27 | O77: =+N77 -> 27 | P77: =+N77-O77 -> 0
B78: 73 | C78: فرعي (1) | D78: المصنع | E78: فلنشة استيل DN40 | F78: قطعة | H78: فلنشة استيل DN40 | I78: R | J78: C000069 | K78: 30 | L78: =+SUMIF('حركه المخزن الرئيسي اليوميه'!$F:$F,$H:$H,'حركه المخزن الرئيسي اليوميه'!$H:$H) -> 0 | M78: =+SUMIF('حركه المخزن الرئيسي اليوميه'!$F:$F,$H:$H,'حركه المخزن الرئيسي اليوميه'!$I:$I) -> 0 | N78: =+K78+L78-M78 -> 30 | O78: =+N78 -> 30 | P78: =+N78-O78 -> 0
B79: 74 | C79: فرعي (1) | D79: المصنع | E79: فلنشة حديد DN65 | F79: قطعة | H79: فلنشة حديد DN65 | I79: R | J79: C000070 | K79: 18 | L79: =+SUMIF('حركه المخزن الرئيسي اليوميه'!$F:$F,$H:$H,'حركه المخزن الرئيسي اليوميه'!$H:$H) -> 0 | M79: =+SUMIF('حركه المخزن الرئيسي اليوميه'!$F:$F,$H:$H,'حركه المخزن الرئيسي اليوميه'!$I:$I) -> 0 | N79: =+K79+L79-M79 -> 18 | O79: =+N79 -> 18 | P79: =+N79-O79 -> 0
B80: 75 | C80: فرعي (1) | D80: المصنع | E80: فلنشة استيل DN65 | F80: قطعة | H80: فلنشة استيل DN65 | I80: R | J80: C000071 | K80: 30 | L80: =+SUMIF('حركه المخزن الرئيسي اليوميه'!$F:$F,$H:$H,'حركه المخزن الرئيسي اليوميه'!$H:$H) -> 0 | M80: =+SUMIF('حركه المخزن الرئيسي اليوميه'!$F:$F,$H:$H,'حركه المخزن الرئيسي اليوميه'!$I:$I) -> 0 | N80: =+K80+L80-M80 -> 30 | O80: =+N80 -> 30 | P80: =+N80-O80 -> 0
B81: 76 | C81: فرعي (1) | D81: المصنع | E81: فلنشة حديد DN20 | F81: قطعة | H81: فلنشة حديد DN20 | I81: R | J81: C000072 | K81: 28 | L81: =+SUMIF('حركه المخزن الرئيسي اليوميه'!$F:$F,$H:$H,'حركه المخزن الرئيسي اليوميه'!$H:$H) -> 0 | M81: =+SUMIF('حركه المخزن الرئيسي اليوميه'!$F:$F,$H:$H,'حركه المخزن الرئيسي اليوميه'!$I:$I) -> 0 | N81: =+K81+L81-M81 -> 28 | O81: =+N81 -> 28 | P81: =+N81-O81 -> 0
B82: 77 | C82: فرعي (1) | D82: المصنع | E82: فلنشة استيل DN20 | F82: قطعة | H82: فلنشة استيل DN20 | I82: R | J82: C000073 | K82: 30 | L82: =+SUMIF('حركه المخزن الرئيسي اليوميه'!$F:$F,$H:$H,'حركه المخزن الرئيسي اليوميه'!$H:$H) -> 0 | M82: =+SUMIF('حركه المخزن الرئيسي اليوميه'!$F:$F,$H:$H,'حركه المخزن الرئيسي اليوميه'!$I:$I) -> 0 | N82: =+K82+L82-M82 -> 30 | O82: =+N82 -> 30 | P82: =+N82-O82 -> 0
B83: 78 | C83: فرعي (1) | D83: المصنع | E83: فلنشة حديد مغلقة | F83: قطعة | G83: Cap end flange 10" | H83: مغلقة 10 بوصة | I83: R | J83: C000074 | K83: 2 | L83: =+SUMIF('حركه المخزن الرئيسي اليوميه'!$F:$F,$H:$H,'حركه المخزن الرئيسي اليوميه'!$H:$H) -> 0 | M83: =+SUMIF('حركه المخزن الرئيسي اليوميه'!$F:$F,$H:$H,'حركه المخزن الرئيسي اليوميه'!$I:$I) -> 0 | N83: =+K83+L83-M83 -> 2 | O83: =+N83 -> 2 | P83: =+N83-O83 -> 0
B84: 80 | C84: فرعي (1) | D84: المصنع | E84: فلنشة حديد لحام | F84: قطعة | G84: Iron Flange | H84: فلنشة 9 بوصة | I84: R | J84: C000075 | K84: 6 | L84: =+SUMIF('حركه المخزن الرئيسي اليوميه'!$F:$F,$H:$H,'حركه المخزن الرئيسي اليوميه'!$H:$H) -> 0 | M84: =+SUMIF('حركه المخزن الرئيسي اليوميه'!$F:$F,$H:$H,'حركه المخزن الرئيسي اليوميه'!$I:$I) -> 0 | N84: =+K84+L84-M84 -> 6 | O84: =+N84 -> 6 | P84: =+N84-O84 -> 0
B85: 82 | C85: فرعي (1) | D85: المصنع | E85: فلنشة حديد رباط | F85: قطعة | G85: Iron Screw Flange 6" | H85: رباط 6 بوصة | I85: R | J85: C000076 | K85: 9 | L85: =+SUMIF('حركه المخزن الرئيسي اليوميه'!$F:$F,$H:$H,'حركه المخزن الرئيسي اليوميه'!$H:$H) -> 0 | M85: =+SUMIF('حركه المخزن الرئيسي اليوميه'!$F:$F,$H:$H,'حركه المخزن الرئيسي اليوميه'!$I:$I) -> 0 | N85: =+K85+L85-M85 -> 9 | O85: =+N85 -> 9 | P85: =+N85-O85 -> 0
B86: 83 | C86: فرعي (1) | D86: المصنع | E86: خرطوش هواء | F86: لفة | G86: HOSE AIR | H86: 1\2"خرطوش هواء | I86: A-6 | J86: C000077 | K86: 9 | L86: =+SUMIF('حركه المخزن الرئيسي اليوميه'!$F:$F,$H:$H,'حركه المخزن الرئيسي اليوميه'!$H:$H) -> 0 | M86: =+SUMIF('حركه المخزن الرئيسي اليوميه'!$F:$F,$H:$H,'حركه المخزن الرئيسي اليوميه'!$I:$I) -> 0 | N86: =+K86+L86-M86 -> 9 | O86: =+N86 -> 9 | P86: =+N86-O86 -> 0
B87: 84 | C87: فرعي (1) | D87: المصنع | E87: خرطوش هيدوروليك كبس صغير | F87: قطعة | G87: HOSE HYDORLIC "SMALL | H87: خرطوش هيدوروليك كبس صغير - 630 | I87: A-11 | J87: C000078 | K87: 4 | L87: =+SUMIF('حركه المخزن الرئيسي اليوميه'!$F:$F,$H:$H,'حركه المخزن الرئيسي اليوميه'!$H:$H) -> 0 | M87: =+SUMIF('حركه المخزن الرئيسي اليوميه'!$F:$F,$H:$H,'حركه المخزن الرئيسي اليوميه'!$I:$I) -> 0 | N87: =+K87+L87-M87 -> 4 | O87: =+N87 -> 4 | P87: =+N87-O87 -> 0
B88: 85 | C88: فرعي (1) | D88: المصنع | E88: خرطوش هايدورليك 1" | F88: قطعة | H88: خرطوش هايدورليك 1" ا | I88: A-12 | J88: C000079 | K88: 2 | L88: =+SUMIF('حركه المخزن الرئيسي اليوميه'!$F:$F,$H:$H,'حركه المخزن الرئيسي اليوميه'!$H:$H) -> 0 | M88: =+SUMIF('حركه المخزن الرئيسي اليوميه'!$F:$F,$H:$H,'حركه المخزن الرئيسي اليوميه'!$I:$I) -> 0 | N88: =+K88+L88-M88 -> 2 | O88: =+N88 -> 2 | P88: =+N88-O88 -> 0
B89: 86 | C89: فرعي (1) | D89: المصنع | E89: خرطوش هايدورليك 3/4 | F89: قطعة | H89: خرطوش هايدورليك 3/4 | I89: A-6 | J89: C000080 | K89: 1 | L89: =+SUMIF('حركه المخزن الرئيسي اليوميه'!$F:$F,$H:$H,'حركه المخزن الرئيسي اليوميه'!$H:$H) -> 0 | M89: =+SUMIF('حركه المخزن الرئيسي اليوميه'!$F:$F,$H:$H,'حركه المخزن الرئيسي اليوميه'!$I:$I) -> 0 | N89: =+K89+L89-M89 -> 1 | O89: =+N89 -> 1 | P89: =+N89-O89 -> 0
B90: 87 | C90: فرعي (1) | D90: المصنع | E90: CaThode plate اغطاب كاثود | F90: قطعة | G90: Cathode plate | H90: CaThode plate اغطاب كاثود | I90: R | J90: C000081 | K90: 14 | L90: =+SUMIF('حركه المخزن الرئيسي اليوميه'!$F:$F,$H:$H,'حركه المخزن الرئيسي اليوميه'!$H:$H) -> 0 | M90: =+SUMIF('حركه المخزن الرئيسي اليوميه'!$F:$F,$H:$H,'حركه المخزن الرئيسي اليوميه'!$I:$I) -> 0 | N90: =+K90+L90-M90 -> 14 | O90: =+N90 -> 14 | P90: =+N90-O90 -> 0
B91: 88 | C91: فرعي (1) | D91: المصنع | E91: اغطاب انود | F91: قطعه | G91: Anode plate | H91: اغطاب انود | I91: R | J91: C000082 | K91: 33 | L91: =+SUMIF('حركه المخزن الرئيسي اليوميه'!$F:$F,$H:$H,'حركه المخزن الرئيسي اليوميه'!$H:$H) -> 0 | M91: =+SUMIF('حركه المخزن الرئيسي اليوميه'!$F:$F,$H:$H,'حركه المخزن الرئيسي اليوميه'!$I:$I) -> 0 | N91: =+K91+L91-M91 -> 33 | O91: =+N91 -> 33 | P91: =+N91-O91 -> 0
B92: 89 | C92: فرعي (1) | D92: المصنع | E92: اسفنجي مولدات | F92: قطعة | G92: High Density Foam Sheet | H92: اسفنج 30*30 | I92: R | J92: C000083 | K92: 52 | L92: =+SUMIF('حركه المخزن الرئيسي اليوميه'!$F:$F,$H:$H,'حركه المخزن الرئيسي اليوميه'!$H:$H) -> 0 | M92: =+SUMIF('حركه المخزن الرئيسي اليوميه'!$F:$F,$H:$H,'حركه المخزن الرئيسي اليوميه'!$I:$I) -> 0 | N92: =+K92+L92-M92 -> 52 | O92: =+N92 -> 52 | P92: =+N92-O92 -> 0
B93: 90 | C93: فرعي (1) | D93: سباكة | E93: ميزان شاحنات و قلابات | F93: قطعة | G93: Weightbridge balance | H93: ميزان شاحنات و قلابات | I93: R | J93: C000084 | K93: 1 | L93: =+SUMIF('حركه المخزن الرئيسي اليوميه'!$F:$F,$H:$H,'حركه المخزن الرئيسي اليوميه'!$H:$H) -> 0 | M93: =+SUMIF('حركه المخزن الرئيسي اليوميه'!$F:$F,$H:$H,'حركه المخزن الرئيسي اليوميه'!$I:$I) -> 0 | N93: =+K93+L93-M93 -> 1 | O93: =+N93 -> 1 | P93: =+N93-O93 -> 0
C94: فرعي (1) | D94: المصنع | E94: تي حديد لحام 6" | F94: قطعه | G94: Iron T Falnge | H94: تي حديد لحام 6" | I94: R | J94: C000085 | K94: 4 | L94: =+SUMIF('حركه المخزن الرئيسي اليوميه'!$F:$F,$H:$H,'حركه المخزن الرئيسي اليوميه'!$H:$H) -> 0 | M94: =+SUMIF('حركه المخزن الرئيسي اليوميه'!$F:$F,$H:$H,'حركه المخزن الرئيسي اليوميه'!$I:$I) -> 0 | N94: =+K94+L94-M94 -> 4 | O94: =+N94 -> 4 | P94: =+N94-O94 -> 0
B95: 91 | C95: فرعي (1) | D95: المصنع | E95: طمبور كبير | F95: قطعة | G95: PIG PULLY | H95: 12"طمبور كبير | I95: R | J95: C000086 | K95: 2 | L95: =+SUMIF('حركه المخزن الرئيسي اليوميه'!$F:$F,$H:$H,'حركه المخزن الرئيسي اليوميه'!$H:$H) -> 0 | M95: =+SUMIF('حركه المخزن الرئيسي اليوميه'!$F:$F,$H:$H,'حركه المخزن الرئيسي اليوميه'!$I:$I) -> 0 | N95: =+K95+L95-M95 -> 2 | O95: =+N95 -> 2 | P95: =+N95-O95 -> 0
B96: 92 | C96: فرعي (1) | D96: المصنع | E96: طمبور طلمبة الثكنر 3/2 | F96: قطعه | H96: طمبور طلمبة الثكنر 3/2 | I96: R | J96: C000087 | K96: 3 | L96: =+SUMIF('حركه المخزن الرئيسي اليوميه'!$F:$F,$H:$H,'حركه المخزن الرئيسي اليوميه'!$H:$H) -> 0 | M96: =+SUMIF('حركه المخزن الرئيسي اليوميه'!$F:$F,$H:$H,'حركه المخزن الرئيسي اليوميه'!$I:$I) -> 0 | N96: =+K96+L96-M96 -> 3 | O96: =+N96 -> 3 | P96: =+N96-O96 -> 0
B97: 93 | C97: فرعي (1) | D97: المصنع | E97: طمبور طلمبة الطواحين 6/4 | F97: قطعة | G97: SMALL PULLY | H97: طمبور طلمبة الطواحين 6/4 | I97: R | J97: C000088 | K97: 6 | L97: =+SUMIF('حركه المخزن الرئيسي اليوميه'!$F:$F,$H:$H,'حركه المخزن الرئيسي اليوميه'!$H:$H) -> 0 | M97: =+SUMIF('حركه المخزن الرئيسي اليوميه'!$F:$F,$H:$H,'حركه المخزن الرئيسي اليوميه'!$I:$I) -> 0 | N97: =+K97+L97-M97 -> 6 | O97: =+N97 -> 6 | P97: =+N97-O97 -> 0
B98: 94 | C98: فرعي (1) | D98: المصنع | E98: طمبورهزاز الكسارة 2yA1842 | F98: قطعة | G98: SMALL PULLY | H98: طمبورهزاز الكسارة 2yA1842 | I98: R | J98: C000089 | K98: 1 | L98: =+SUMIF('حركه المخزن الرئيسي اليوميه'!$F:$F,$H:$H,'حركه المخزن الرئيسي اليوميه'!$H:$H) -> 0 | M98: =+SUMIF('حركه المخزن الرئيسي اليوميه'!$F:$F,$H:$H,'حركه المخزن الرئيسي اليوميه'!$I:$I) -> 0 | N98: =+K98+L98-M98 -> 1 | O98: =+N98 -> 1 | P98: =+N98-O98 -> 0
B99: 95 | C99: فرعي (1) | D99: المصنع | E99: طمبور طلمبة الفلتر 3/4 | F99: قطعة | G99: AC CONTACTOR 11 KW | H99: طمبور طلمبة الفلتر 3/4 | I99: R | J99: C000090 | K99: 1 | L99: =+SUMIF('حركه المخزن الرئيسي اليوميه'!$F:$F,$H:$H,'حركه المخزن الرئيسي اليوميه'!$H:$H) -> 0 | M99: =+SUMIF('حركه المخزن الرئيسي اليوميه'!$F:$F,$H:$H,'حركه المخزن الرئيسي اليوميه'!$I:$I) -> 0 | N99: =+K99+L99-M99 -> 1 | O99: =+N99 -> 1 | P99: =+N99-O99 -> 0
B100: 96 | C100: فرعي (1) | D100: المصنع | E100: طمبور الطلمبة الغاطسة 65QV-SP | F100: قطعه | H100: طمبور الطلمبة الغاطسة 65QV-SP | I100: R | J100: C000091 | K100: 6 | L100: =+SUMIF('حركه المخزن الرئيسي اليوميه'!$F:$F,$H:$H,'حركه المخزن الرئيسي اليوميه'!$H:$H) -> 0 | M100: =+SUMIF('حركه المخزن الرئيسي اليوميه'!$F:$F,$H:$H,'حركه المخزن الرئيسي اليوميه'!$I:$I) -> 0 | N100: =+K100+L100-M100 -> 6 | O100: =+N100 -> 6 | P100: =+N100-O100 -> 0
B101: 97 | C101: فرعي (1) | D101: المصنع | E101: طمبور الطلمبة الغاطسة 40PV-SP | F101: قطعه | H101: طمبور الطلمبة الغاطسة 40PV-SP | I101: R | J101: C000092 | K101: 3 | L101: =+SUMIF('حركه المخزن الرئيسي اليوميه'!$F:$F,$H:$H,'حركه المخزن الرئيسي اليوميه'!$H:$H) -> 0 | M101: =+SUMIF('حركه المخزن الرئيسي اليوميه'!$F:$F,$H:$H,'حركه المخزن الرئيسي اليوميه'!$I:$I) -> 0 | N101: =+K101+L101-M101 -> 3 | O101: =+N101 -> 3 | P101: =+N101-O101 -> 0
B102: 154 | C102: فرعي (1) | D102: المصنع | E102: طمبور الطلمبة الغاطسة 100RV-SP | F102: قطعه | H102: طمبور الطلمبة الغاطسة 100RV-SP | I102: R | J102: C000093 | K102: 4 | L102: =+SUMIF('حركه المخزن الرئيسي اليوميه'!$F:$F,$H:$H,'حركه المخزن الرئيسي اليوميه'!$H:$H) -> 0 | M102: =+SUMIF('حركه المخزن الرئيسي اليوميه'!$F:$F,$H:$H,'حركه المخزن الرئيسي اليوميه'!$I:$I) -> 0 | N102: =+K102+L102-M102 -> 4 | O102: =+N102 -> 4 | P102: =+N102-O102 -> 0
B103: 99 | C103: فرعي (1) | D103: المصنع | E103: طمبور موتور طلمبة الثكنر 3/2 | F103: قطعه | H103: طنبور موتور طلمبة الثكنر 3/2 | I103: R | J103: C000094 | K103: 6 | L103: =+SUMIF('حركه المخزن الرئيسي اليوميه'!$F:$F,$H:$H,'حركه المخزن الرئيسي اليوميه'!$H:$H) -> 0 | M103: =+SUMIF('حركه المخزن الرئيسي اليوميه'!$F:$F,$H:$H,'حركه المخزن الرئيسي اليوميه'!$I:$I) -> 0 | N103: =+K103+L103-M103 -> 6 | O103: =+N103 -> 6 | P103: =+N103-O103 -> 0
B104: 116 | C104: فرعي (1) | D104: المصنع | E104: مقعد (مرحاض) افرنجى كامل | F104: قطعة | G104: tollet | H104: مقعد (مرحاض) افرنجى كامل | I104: R | J104: C000095 | K104: 1 | L104: =+SUMIF('حركه المخزن الرئيسي اليوميه'!$F:$F,$H:$H,'حركه المخزن الرئيسي اليوميه'!$H:$H) -> 0 | M104: =+SUMIF('حركه المخزن الرئيسي اليوميه'!$F:$F,$H:$H,'حركه المخزن الرئيسي اليوميه'!$I:$I) -> 0 | N104: =+K104+L104-M104 -> 1 | O104: =+N104 -> 1 | P104: =+N104-O104 -> 0
B105: 117 | C105: فرعي (1) | D105: المصنع | E105: صاج | F105: قطعة | G105: PLATE | H105: 30*30 | I105: R | J105: C000096 | K105: 16 | L105: =+SUMIF('حركه المخزن الرئيسي اليوميه'!$F:$F,$H:$H,'حركه المخزن الرئيسي اليوميه'!$H:$H) -> 0 | M105: =+SUMIF('حركه المخزن الرئيسي اليوميه'!$F:$F,$H:$H,'حركه المخزن الرئيسي اليوميه'!$I:$I) -> 0 | N105: =+K105+L105-M105 -> 16 | O105: =+N105 -> 16 | P105: =+N105-O105 -> 0
B106: 118 | C106: فرعي (1) | D106: المصنع | E106: ربر اسكرين | F106: قطعة | G106: Rubber | H106: ربر اسكرين | I106: R | J106: C000097 | K106: 33 | L106: =+SUMIF('حركه المخزن الرئيسي اليوميه'!$F:$F,$H:$H,'حركه المخزن الرئيسي اليوميه'!$H:$H) -> 0 | M106: =+SUMIF('حركه المخزن الرئيسي اليوميه'!$F:$F,$H:$H,'حركه المخزن الرئيسي اليوميه'!$I:$I) -> 0 | N106: =+K106+L106-M106 -> 33 | O106: =+N106 -> 33 | P106: =+N106-O106 -> 0
B107: 119 | C107: فرعي (1) | D107: المصنع | E107: طمبور موتور طلمبة الفلتر 3/4 | F107: قطعة | H107: طمبور موتور طلمبة الفلتر 3/4 | I107: R | J107: C000098 | K107: 1 | L107: =+SUMIF('حركه المخزن الرئيسي اليوميه'!$F:$F,$H:$H,'حركه المخزن الرئيسي اليوميه'!$H:$H) -> 0 | M107: =+SUMIF('حركه المخزن الرئيسي اليوميه'!$F:$F,$H:$H,'حركه المخزن الرئيسي اليوميه'!$I:$I) -> 0 | N107: =+K107+L107-M107 -> 1 | O107: =+N107 -> 1 | P107: =+N107-O107 -> 0
B108: 120 | C108: فرعي (1) | D108: المصنع | E108: سيل | F108: قطعة | G108: Seal | H108: 719*655 | I108: A-11 | J108: C000099 | K108: 1 | L108: =+SUMIF('حركه المخزن الرئيسي اليوميه'!$F:$F,$H:$H,'حركه المخزن الرئيسي اليوميه'!$H:$H) -> 0 | M108: =+SUMIF('حركه المخزن الرئيسي اليوميه'!$F:$F,$H:$H,'حركه المخزن الرئيسي اليوميه'!$I:$I) -> 0 | N108: =+K108+L108-M108 -> 1 | O108: =+N108 -> 1 | P108: =+N108-O108 -> 0
B109: 121 | C109: فرعي (1) | D109: المصنع | E109: monhole sead to desorption سيل | F109: قطعة | G109: monhole sead to desorption | H109: 1000 | I109: A-11 | J109: C000100 | K109: 1 | L109: =+SUMIF('حركه المخزن الرئيسي اليوميه'!$F:$F,$H:$H,'حركه المخزن الرئيسي اليوميه'!$H:$H) -> 0 | M109: =+SUMIF('حركه المخزن الرئيسي اليوميه'!$F:$F,$H:$H,'حركه المخزن الرئيسي اليوميه'!$I:$I) -> 0 | N109: =+K109+L109-M109 -> 1 | O109: =+N109 -> 1 | P109: =+N109-O109 -> 0
B110: 122 | C110: فرعي (1) | D110: المصنع | E110: سيل | F110: قطعة | G110: Seal | H110: 719*653 | I110: A-11 | J110: C000101 | K110: 3 | L110: =+SUMIF('حركه المخزن الرئيسي اليوميه'!$F:$F,$H:$H,'حركه المخزن الرئيسي اليوميه'!$H:$H) -> 0 | M110: =+SUMIF('حركه المخزن الرئيسي اليوميه'!$F:$F,$H:$H,'حركه المخزن الرئيسي اليوميه'!$I:$I) -> 0 | N110: =+K110+L110-M110 -> 3 | O110: =+N110 -> 3 | P110: =+N110-O110 -> 0
B111: 123 | C111: فرعي (1) | D111: المصنع | E111: خرطوش هايدورليك 1/2" | F111: قطعة | H111: خرطوش هايدورليك 1/2" | I111: A-11 | J111: C000102 | K111: 5 | L111: =+SUMIF('حركه المخزن الرئيسي اليوميه'!$F:$F,$H:$H,'حركه المخزن الرئيسي اليوميه'!$H:$H) -> 0 | M111: =+SUMIF('حركه المخزن الرئيسي اليوميه'!$F:$F,$H:$H,'حركه المخزن الرئيسي اليوميه'!$I:$I) -> 0 | N111: =+K111+L111-M111 -> 5 | O111: =+N111 -> 5 | P111: =+N111-O111 -> 0
B112: 124 | C112: فرعي (1) | D112: المصنع | E112: خرطوش هيدوروليك كبس كبير | F112: قطعة | G112: HOSE HYDORLIC "PIG | H112: خرطوش هيدوروليك كبس كبير - 4000 | I112: A-11 | J112: C000103 | K112: 4 | L112: =+SUMIF('حركه المخزن الرئيسي اليوميه'!$F:$F,$H$112:$H$158,'حركه المخزن الرئيسي اليوميه'!$H:$H) -> 0 | M112: =+SUMIF('حركه المخزن الرئيسي اليوميه'!$F:$F,$H$112:$H$158,'حركه المخزن الرئيسي اليوميه'!$I:$I) -> 0 | N112: =+K112+L112-M112 -> 4 | O112: =+N112 -> 4 | P112: =+N112-O112 -> 0
...

Sheet الساحة
M2: يناير 2026
J3: ذ
E6: شركة اورشاب لتعدين الذهب
E7: المخازن 2025
K8: الكمية | R8: ملاحظات
B9: متسلسل | C9: المخزن | D9: القسم | E9: اسم الصنف عربي | F9: النوع | G9: اسم الصنف E | H9: رقم الصنف | I9: الرف - الصندوق | J9: كود الصنف | K9: الرصيد الافتتاحي | L9: الوارد | M9: المنصرف | N9: الرصيد الحالي | O9: الفلي | P9: الجرد
B10: 3 | C10: الساحة | D10: المصنع | E10: سلك شايك ( شرشر ) | F10: قطعة | G10: Barbed wire | H10: سلك شايك ( شرشر ) | I10: الساحة"2" | J10: D000001 | K10: 9 | L10: =+SUMIF('حركه المخزن الرئيسي اليوميه'!$F:$F,$H:$H,'حركه المخزن الرئيسي اليوميه'!$H:$H) -> 0 | M10: =+SUMIF('حركه المخزن الرئيسي اليوميه'!$F:$F,$H:$H,'حركه المخزن الرئيسي اليوميه'!$I:$I) -> 0 | N10: =+K10+L10-M10 -> 9 | O10: =+N10 -> 9 | P10: =+N10-O10 -> 0
B11: 4 | C11: الساحة | D11: الصيانه | E11: خوصة 6 متر | F11: قطعة | G11: iron Wicker | H11: خوصة 6 متر | I11: الساحة"1" | J11: D000002 | K11: 0 | L11: =+SUMIF('حركه المخزن الرئيسي اليوميه'!$F:$F,$H:$H,'حركه المخزن الرئيسي اليوميه'!$H:$H) -> 0 | M11: =+SUMIF('حركه المخزن الرئيسي اليوميه'!$F:$F,$H:$H,'حركه المخزن الرئيسي اليوميه'!$I:$I) -> 0 | N11: =+K11+L11-M11 -> 0 | O11: =+N11 -> 0 | P11: =+N11-O11 -> 0
B12: 5 | C12: الساحة | D12: محطه التحليه | E12: طلمبة ضغط عالي الخلية ( راسية ) | F12: قطعة | H12: طلمبة ضغط عالي الخلية ( راسية ) | I12: الساحة"1" | J12: D000003 | K12: 0 | L12: =+SUMIF('حركه المخزن الرئيسي اليوميه'!$F:$F,$H:$H,'حركه المخزن الرئيسي اليوميه'!$H:$H) -> 0 | M12: =+SUMIF('حركه المخزن الرئيسي اليوميه'!$F:$F,$H:$H,'حركه المخزن الرئيسي اليوميه'!$I:$I) -> 0 | N12: =+K12+L12-M12 -> 0 | O12: =+N12 -> 0 | P12: =+N12-O12 -> 0
B13: 6 | C13: الساحة | D13: الكهرباء | E13: جهاز كهربائي فرن الصهر | F13: قطعة | H13: جهاز كهربائي فرن الصهر | I13: الاسمنت | J13: D000004 | K13: 0 | L13: =+SUMIF('حركه المخزن الرئيسي اليوميه'!$F:$F,$H:$H,'حركه المخزن الرئيسي اليوميه'!$H:$H) -> 0 | M13: =+SUMIF('حركه المخزن الرئيسي اليوميه'!$F:$F,$H:$H,'حركه المخزن الرئيسي اليوميه'!$I:$I) -> 0 | N13: =+K13+L13-M13 -> 0 | O13: =+N13 -> 0 | P13: =+N13-O13 -> 0
B14: 9 | C14: الساحة | D14: الكهرباء | E14: طبلون كهرباء البلور | F14: قطعة | G14: Electric Pannel | H14: طبلون البلور | I14: ساحه 1 | J14: D000005 | K14: 1 | L14: =+SUMIF('حركه المخزن الرئيسي اليوميه'!$F:$F,$H:$H,'حركه المخزن الرئيسي اليوميه'!$H:$H) -> 0 | M14: =+SUMIF('حركه المخزن الرئيسي اليوميه'!$F:$F,$H:$H,'حركه المخزن الرئيسي اليوميه'!$I:$I) -> 0 | N14: =+K14+L14-M14 -> 1 | O14: =+N14 -> 1 | P14: =+N14-O14 -> 0
B15: 10 | C15: الساحة | D15: الكهرباء | E15: فرن كهربائى (المعمل) | F15: فرن | G15: Lap Electric Oven | H15: فرن كهربائى (المعمل) | I15: R | J15: D000006 | K15: 0 | L15: =+SUMIF('حركه المخزن الرئيسي اليوميه'!$F:$F,$H:$H,'حركه المخزن الرئيسي اليوميه'!$H:$H) -> 0 | M15: =+SUMIF('حركه المخزن الرئيسي اليوميه'!$F:$F,$H:$H,'حركه المخزن الرئيسي اليوميه'!$I:$I) -> 0 | N15: =+K15+L15-M15 -> 0 | O15: =+N15 -> 0 | P15: =+N15-O15 -> 0
B16: 17 | C16: الساحة | D16: المصنع | E16: جلبة نحاس حجر الكسارة المتحرك | F16: فطعة | H16: جلبة نحاس حجر الكسارة المتحرك | I16: ساحه 1 | J16: D000007 | K16: 1 | L16: =+SUMIF('حركه المخزن الرئيسي اليوميه'!$F:$F,$H:$H,'حركه المخزن الرئيسي اليوميه'!$H:$H) -> 0 | M16: =+SUMIF('حركه المخزن الرئيسي اليوميه'!$F:$F,$H:$H,'حركه المخزن الرئيسي اليوميه'!$I:$I) -> 0 | N16: =+K16+L16-M16 -> 1 | O16: =+N16 -> 1 | P16: =+N16-O16 -> 0
B17: 18 | C17: الساحة | D17: السباكة | E17: بيبا كاملة | F17: فطعة | H17: بيبا 4 بوصة | I17: الاسمنت | J17: D000008 | K17: 0 | L17: =+SUMIF('حركه المخزن الرئيسي اليوميه'!$F:$F,$H:$H,'حركه المخزن الرئيسي اليوميه'!$H:$H) -> 0 | M17: =+SUMIF('حركه المخزن الرئيسي اليوميه'!$F:$F,$H:$H,'حركه المخزن الرئيسي اليوميه'!$I:$I) -> 0 | N17: =+K17+L17-M17 -> 0 | O17: =+N17 -> 0 | P17: =+N17-O17 -> 0
B18: 19 | C18: الساحة | D18: الكهرباء | E18: مولد PERKINS 400KVA | F18: فطعة | H18: مولد PERKINS 400KVA | I18: السكن | J18: D000009 | K18: 1 | L18: =+SUMIF('حركه المخزن الرئيسي اليوميه'!$F:$F,$H:$H,'حركه المخزن الرئيسي اليوميه'!$H:$H) -> 0 | M18: =+SUMIF('حركه المخزن الرئيسي اليوميه'!$F:$F,$H:$H,'حركه المخزن الرئيسي اليوميه'!$I:$I) -> 0 | N18: =+K18+L18-M18 -> 1 | O18: =+N18 -> 1 | P18: =+N18-O18 -> 0
B19: 20 | C19: الساحه | D19: السباكة | E19: كدوس pvc | F19: فطعة | H19: كدوس 4بوصة pvc | I19: الاسمنت | J19: D000010 | K19: 0 | L19: =+SUMIF('حركه المخزن الرئيسي اليوميه'!$F:$F,$H:$H,'حركه المخزن الرئيسي اليوميه'!$H:$H) -> 0 | M19: =+SUMIF('حركه المخزن الرئيسي اليوميه'!$F:$F,$H:$H,'حركه المخزن الرئيسي اليوميه'!$I:$I) -> 0 | N19: =+K19+L19-M19 -> 0 | O19: =+N19 -> 0 | P19: =+N19-O19 -> 0
B20: 21 | J20: D000011 | K20: 0 | L20: =+SUMIF('حركه المخزن الرئيسي اليوميه'!$F:$F,$H:$H,'حركه المخزن الرئيسي اليوميه'!$H:$H) -> 0 | M20: =+SUMIF('حركه المخزن الرئيسي اليوميه'!$F:$F,$H:$H,'حركه المخزن الرئيسي اليوميه'!$I:$I) -> 0 | N20: =+K20+L20-M20 -> 0 | O20: =+N20 -> 0 | P20: =+N20-O20 -> 0
B21: 22 | C21: الساحة | D21: المصنع | E21: End Liner بلتة طواحين مثلثة | F21: قطعة | G21: End Liner | H21: End Liner بلتة طواحين مثلثة | I21: الساحة"2" | J21: D000012 | K21: 17 | L21: =+SUMIF('حركه المخزن الرئيسي اليوميه'!$F:$F,$H:$H,'حركه المخزن الرئيسي اليوميه'!$H:$H) -> 0 | M21: =+SUMIF('حركه المخزن الرئيسي اليوميه'!$F:$F,$H:$H,'حركه المخزن الرئيسي اليوميه'!$I:$I) -> 0 | N21: =+K21+L21-M21 -> 17 | O21: =+N21 -> 17 | P21: =+N21-O21 -> 0
B22: 23 | C22: الساحة | D22: المصنع | E22: Large Liner 64 بلته طواحين | F22: قطعة | G22: Large Liner 64 | H22: Large Liner 64 | I22: الساحة"2" | J22: D000013 | K22: 120 | L22: =+SUMIF('حركه المخزن الرئيسي اليوميه'!$F:$F,$H:$H,'حركه المخزن الرئيسي اليوميه'!$H:$H) -> 0 | M22: =+SUMIF('حركه المخزن الرئيسي اليوميه'!$F:$F,$H:$H,'حركه المخزن الرئيسي اليوميه'!$I:$I) -> 0 | N22: =+K22+L22-M22 -> 120 | O22: =+N22 -> 120 | P22: =+N22-O22 -> 0
B23: 24 | C23: الساحة | D23: المصنع | E23: MiddLe Liner 59 بلته طواحين | F23: قطعة | G23: MiddLe Liner 59 | H23: MiddLe Liner 59 | I23: الساحة"2" | J23: D000014 | K23: 18 | L23: =+SUMIF('حركه المخزن الرئيسي اليوميه'!$F:$F,$H:$H,'حركه المخزن الرئيسي اليوميه'!$H:$H) -> 0 | M23: =+SUMIF('حركه المخزن الرئيسي اليوميه'!$F:$F,$H:$H,'حركه المخزن الرئيسي اليوميه'!$I:$I) -> 0 | N23: =+K23+L23-M23 -> 18 | O23: =+N23 -> 18 | P23: =+N23-O23 -> 0
B24: 25 | C24: الساحة | D24: المصنع | E24: فك كسارة | F24: قطعة | G24: Jaw Crusher | H24: HVZG190714E - XP20110(60*100 | I24: الساحة | J24: D000015 | K24: 0 | L24: =+SUMIF('حركه المخزن الرئيسي اليوميه'!$F:$F,$H:$H,'حركه المخزن الرئيسي اليوميه'!$H:$H) -> 0 | M24: =+SUMIF('حركه المخزن الرئيسي اليوميه'!$F:$F,$H:$H,'حركه المخزن الرئيسي اليوميه'!$I:$I) -> 0 | N24: =+K24+L24-M24 -> 0 | O24: =+N24 -> 0 | P24: =+N24-O24 -> 0
B25: 26 | C25: الساحة | D25: الصيانه | E25: اسطوانة اكسجين | F25: قطعة | G25: Oxygen Cylinder | H25: اسطوانة اكسجين | I25: الساحة"1" | J25: D000016 | K25: 0 | L25: =+SUMIF('حركه المخزن الرئيسي اليوميه'!$F:$F,$H:$H,'حركه المخزن الرئيسي اليوميه'!$H:$H) -> 0 | M25: =+SUMIF('حركه المخزن الرئيسي اليوميه'!$F:$F,$H:$H,'حركه المخزن الرئيسي اليوميه'!$I:$I) -> 0 | N25: =+K25+L25-M25 -> 0 | O25: =+N25 -> 0 | P25: =+N25-O25 -> 0
B26: 27 | C26: الساحة | D26: المصنع | E26: اسكرين هزاز ( الكسارة ) | F26: قطعة | G26: Double deck steel sheet | H26: اسكرين هزاز ( الكسارة ) | I26: الساحة"1" | J26: D000017 | K26: 11 | L26: =+SUMIF('حركه المخزن الرئيسي اليوميه'!$F:$F,$H:$H,'حركه المخزن الرئيسي اليوميه'!$H:$H) -> 0 | M26: =+SUMIF('حركه المخزن الرئيسي اليوميه'!$F:$F,$H:$H,'حركه المخزن الرئيسي اليوميه'!$I:$I) -> 0 | N26: =+K26+L26-M26 -> 11 | O26: =+N26 -> 11 | P26: =+N26-O26 -> 0
B27: 28 | C27: الساحة | D27: المصنع | E27: امبلير (طلمبة الطواحين) | F27: قطعة | G27: Impeller 4/3 - Ball Mill Grinder | H27: امبلير (طلمبة الطواحين) 6/4 | I27: الساحة"1" | J27: D000018 | K27: 2 | L27: =+SUMIF('حركه المخزن الرئيسي اليوميه'!$F:$F,$H:$H,'حركه المخزن الرئيسي اليوميه'!$H:$H) -> 0 | M27: =+SUMIF('حركه المخزن الرئيسي اليوميه'!$F:$F,$H:$H,'حركه المخزن الرئيسي اليوميه'!$I:$I) -> 0 | N27: =+K27+L27-M27 -> 2 | O27: =+N27 -> 2 | P27: =+N27-O27 -> 0
B28: 29 | C28: الساحة | D28: المصنع | E28: اير ليفتر(AIRLIFTER) - التنوكة | F28: قطعة | H28: اير ليفتر(AIRLIFTER) - التنوكة | I28: الساحة"2" | J28: D000019 | K28: 5 | L28: =+SUMIF('حركه المخزن الرئيسي اليوميه'!$F:$F,$H:$H,'حركه المخزن الرئيسي اليوميه'!$H:$H) -> 0 | M28: =+SUMIF('حركه المخزن الرئيسي اليوميه'!$F:$F,$H:$H,'حركه المخزن الرئيسي اليوميه'!$I:$I) -> 1 | N28: =+K28+L28-M28 -> 4 | O28: =+N28 -> 4 | P28: =+N28-O28 -> 0
B29: 30 | C29: الساحة | D29: الكهرباء | E29: حمالة كوابل الطاقة الشمسية (حديد) | F29: قطعة | G29: SunPower Cable Holder | H29: حمالة كوابل الطاقة الشمسية (حديد) | I29: الساحة"2" | J29: D000020 | K29: 18 | L29: =+SUMIF('حركه المخزن الرئيسي اليوميه'!$F:$F,$H:$H,'حركه المخزن الرئيسي اليوميه'!$H:$H) -> 0 | M29: =+SUMIF('حركه المخزن الرئيسي اليوميه'!$F:$F,$H:$H,'حركه المخزن الرئيسي اليوميه'!$I:$I) -> 0 | N29: =+K29+L29-M29 -> 18 | O29: =+N29 -> 18 | P29: =+N29-O29 -> 0
B30: 31 | C30: الساحة | D30: المعمل | E30: كسارة (المعمل) | F30: كسارة | G30: Jaw Crusher model (xp100*60) | H30: jaw crusher model (xp100*60) | I30: الساحة"1" | J30: D000021 | K30: 4 | L30: =+SUMIF('حركه المخزن الرئيسي اليوميه'!$F:$F,$H:$H,'حركه المخزن الرئيسي اليوميه'!$H:$H) -> 0 | M30: =+SUMIF('حركه المخزن الرئيسي اليوميه'!$F:$F,$H:$H,'حركه المخزن الرئيسي اليوميه'!$I:$I) -> 0 | N30: 4 | O30: =+N30 -> 4 | P30: =+N30-O30 -> 0
B31: 32 | C31: الساحة | D31: المصنع | E31: درج اسكرين التنوكة | F31: قطعة | G31: Tanks Screen Drawer | H31: درج اسكرين التنوكة | I31: الساحة"1" | J31: D000022 | K31: 25 | L31: =+SUMIF('حركه المخزن الرئيسي اليوميه'!$F:$F,$H:$H,'حركه المخزن الرئيسي اليوميه'!$H:$H) -> 0 | M31: =+SUMIF('حركه المخزن الرئيسي اليوميه'!$F:$F,$H:$H,'حركه المخزن الرئيسي اليوميه'!$I:$I) -> 0 | N31: =+K31+L31-M31 -> 25 | O31: =+N31 -> 25 | P31: =+N31-O31 -> 0
B32: 33 | C32: الساحة | D32: المعمل | E32: ربر طاحونة (المعمل) | F32: قطعة | G32: Lab Mill Rubber | H32: ربرsk100-3 | I32: الساحة | J32: D000023 | K32: 0 | L32: =+SUMIF('حركه المخزن الرئيسي اليوميه'!$F:$F,$H:$H,'حركه المخزن الرئيسي اليوميه'!$H:$H) -> 0 | M32: =+SUMIF('حركه المخزن الرئيسي اليوميه'!$F:$F,$H:$H,'حركه المخزن الرئيسي اليوميه'!$I:$I) -> 0 | N32: =+K32+L32-M32 -> 0 | O32: =+N32 -> 0 | P32: =+N32-O32 -> 0
B33: 34 | C33: الساحة | D33: المعمل | E33: طاحونة (المعمل) | F33: طاحونة | G33: Lab Mill | H33: crusher (sk-100) طاحونة (المعمل) | I33: الساحة"1" | J33: D000024 | K33: 2 | L33: =+SUMIF('حركه المخزن الرئيسي اليوميه'!$F:$F,$H:$H,'حركه المخزن الرئيسي اليوميه'!$H:$H) -> 0 | M33: =+SUMIF('حركه المخزن الرئيسي اليوميه'!$F:$F,$H:$H,'حركه المخزن الرئيسي اليوميه'!$I:$I) -> 0 | N33: 2 | O33: =+N33 -> 2 | P33: =+N33-O33 -> 0
B34: 35 | C34: الساحة | D34: المصنع | E34: اسكرين بلاستك كبير (هذاذ الكسارة) | F34: قطعة | G34: Plastic Screen - Crusher | H34: اسكرين بلاستك كبير (هذاذ الكسارة) | I34: الساحة"1" | J34: D000025 | K34: 0 | L34: =+SUMIF('حركه المخزن الرئيسي اليوميه'!$F:$F,$H:$H,'حركه المخزن الرئيسي اليوميه'!$H:$H) -> 0 | M34: =+SUMIF('حركه المخزن الرئيسي اليوميه'!$F:$F,$H:$H,'حركه المخزن الرئيسي اليوميه'!$I:$I) -> 0 | N34: =+K34+L34-M34 -> 0 | O34: =+N34 -> 0 | P34: =+N34-O34 -> 0
B35: 36 | C35: الساحة | D35: المصنع | E35: سكرين هزاز - حديد صغير | F35: قطعة | G35: Double deck steel sheet | H35: سكرين هزاز - حديد صغير | I35: الساحة | J35: D000026 | K35: 0 | L35: =+SUMIF('حركه المخزن الرئيسي اليوميه'!$F:$F,$H:$H,'حركه المخزن الرئيسي اليوميه'!$H:$H) -> 0 | M35: =+SUMIF('حركه المخزن الرئيسي اليوميه'!$F:$F,$H:$H,'حركه المخزن الرئيسي اليوميه'!$I:$I) -> 0 | N35: =+K35+L35-M35 -> 0 | O35: =+N35 -> 0 | P35: =+N35-O35 -> 0
B36: 37 | C36: الساحة | D36: المصنع | E36: اسكرين هزاز - حديد كبير (كسارة) | F36: قطعة | G36: Double deck steel sheet | H36: اسكرين هزاز - حديد كبير (كسارة) | I36: الساحة | J36: D000027 | K36: 0 | L36: =+SUMIF('حركه المخزن الرئيسي اليوميه'!$F:$F,$H:$H,'حركه المخزن الرئيسي اليوميه'!$H:$H) -> 0 | M36: =+SUMIF('حركه المخزن الرئيسي اليوميه'!$F:$F,$H:$H,'حركه المخزن الرئيسي اليوميه'!$I:$I) -> 0 | N36: =+K36+L36-M36 -> 0 | O36: =+N36 -> 0 | P36: =+N36-O36 -> 0
B37: 38 | C37: الساحة | D37: المصنع | E37: سلك شايك ( حصيرة ) | F37: لفه | G37: Barbed wire | H37: سلك شايك ( حصيرة ) | I37: الساحة"2" | J37: D000028 | K37: 12 | L37: =+SUMIF('حركه المخزن الرئيسي اليوميه'!$F:$F,$H:$H,'حركه المخزن الرئيسي اليوميه'!$H:$H) -> 0 | M37: =+SUMIF('حركه المخزن الرئيسي اليوميه'!$F:$F,$H:$H,'حركه المخزن الرئيسي اليوميه'!$I:$I) -> 0 | N37: 12 | O37: =+N37 -> 12 | P37: =+N37-O37 -> 0
B38: 39 | C38: الساحة | D38: المعمل | E38: اسيال طاحونة (المعمل) | F38: قطعة | G38: Lab Mill Seal | H38: سيل sk100-3 | I38: الساحة | J38: D000029 | K38: 0 | L38: =+SUMIF('حركه المخزن الرئيسي اليوميه'!$F:$F,$H:$H,'حركه المخزن الرئيسي اليوميه'!$H:$H) -> 0 | M38: =+SUMIF('حركه المخزن الرئيسي اليوميه'!$F:$F,$H:$H,'حركه المخزن الرئيسي اليوميه'!$I:$I) -> 0 | N38: =+K38+L38-M38 -> 0 | O38: =+N38 -> 0 | P38: =+N38-O38 -> 0
B39: 40 | C39: الساحة | D39: المصنع | E39: اسكرين هزاز ( الطواحين ) | F39: قطعة | G39: Double deck steel sheet | H39: اسكرين هزاز ( الطواحين ) | I39: الساحة"1" | J39: D000030 | K39: 9 | L39: =+SUMIF('حركه المخزن الرئيسي اليوميه'!$F:$F,$H:$H,'حركه المخزن الرئيسي اليوميه'!$H:$H) -> 0 | M39: =+SUMIF('حركه المخزن الرئيسي اليوميه'!$F:$F,$H:$H,'حركه المخزن الرئيسي اليوميه'!$I:$I) -> 0 | N39: =+K39+L39-M39 -> 9 | O39: =+N39 -> 9 | P39: =+N39-O39 -> 0
B40: 41 | C40: الساحة | D40: المصنع | E40: امبلير (طلمبة الفلتر) | F40: قطعة | G40: Impeller 6/4 - Filter Pump | H40: امبلير (طلمبة الفلتر) 4/3 | I40: الساحة | J40: D000031 | K40: 0 | L40: =+SUMIF('حركه المخزن الرئيسي اليوميه'!$F:$F,$H:$H,'حركه المخزن الرئيسي اليوميه'!$H:$H) -> 0 | M40: =+SUMIF('حركه المخزن الرئيسي اليوميه'!$F:$F,$H:$H,'حركه المخزن الرئيسي اليوميه'!$I:$I) -> 0 | N40: =+K40+L40-M40 -> 0 | O40: =+N40 -> 0 | P40: =+N40-O40 -> 0
B41: 42 | C41: المكتب | D41: الخلية | E41: اختام ( اسيال قفل ) | F41: قطعة | H41: اختام ( اسيال قفل ) | I41: المكتب | J41: D000032 | K41: 31 | L41: =+SUMIF('حركه المخزن الرئيسي اليوميه'!$F:$F,$H:$H,'حركه المخزن الرئيسي اليوميه'!$H:$H) -> 0 | M41: =+SUMIF('حركه المخزن الرئيسي اليوميه'!$F:$F,$H:$H,'حركه المخزن الرئيسي اليوميه'!$I:$I) -> 0 | N41: =+K41+L41-M41 -> 31 | O41: =+N41 -> 31 | P41: =+N41-O41 -> 0
B42: 43 | C42: الساحة | D42: المصنع | E42: طلمبة فلتر كبيرة (عمودية) | F42: قطعة | G42: Vertical Filter Pump | H42: طلمبة فلتر كبيرة (عمودية) | I42: الساحة | J42: D000033 | K42: 0 | L42: =+SUMIF('حركه المخزن الرئيسي اليوميه'!$F:$F,$H:$H,'حركه المخزن الرئيسي اليوميه'!$H:$H) -> 0 | M42: =+SUMIF('حركه المخزن الرئيسي اليوميه'!$F:$F,$H:$H,'حركه المخزن الرئيسي اليوميه'!$I:$I) -> 0 | N42: =+K42+L42-M42 -> 0 | O42: =+N42 -> 0 | P42: =+N42-O42 -> 0
B43: 44 | C43: الساحة | D43: المصنع | E43: بلتة بلاستيك (الفلتر) | F43: قطعة | G43: Filter Plastic Plate | H43: بلتة بلاستيك (الفلتر) | I43: الساحة"2" | J43: D000034 | K43: 2 | L43: =+SUMIF('حركه المخزن الرئيسي اليوميه'!$F:$F,$H:$H,'حركه المخزن الرئيسي اليوميه'!$H:$H) -> 0 | M43: =+SUMIF('حركه المخزن الرئيسي اليوميه'!$F:$F,$H:$H,'حركه المخزن الرئيسي اليوميه'!$I:$I) -> 0 | N43: =+K43+L43-M43 -> 2 | O43: =+N43 -> 2 | P43: =+N43-O43 -> 0
B44: 45 | C44: الساحة | D44: المصنع | E44: ترس طواحين | F44: قطعة | G44: Mill Ball Gear | H44: ترس طواحين | I44: الساحة"1" | J44: D000035 | K44: 0 | L44: =+SUMIF('حركه المخزن الرئيسي اليوميه'!$F:$F,$H:$H,'حركه المخزن الرئيسي اليوميه'!$H:$H) -> 0 | M44: =+SUMIF('حركه المخزن الرئيسي اليوميه'!$F:$F,$H:$H,'حركه المخزن الرئيسي اليوميه'!$I:$I) -> 0 | N44: =+K44+L44-M44 -> 0 | O44: =+N44 -> 0 | P44: =+N44-O44 -> 0
B45: 46 | C45: الساحة | D45: المصنع | E45: ترس كبير الطواحين | F45: قطعة | H45: ترس كبير الطواحين | I45: الساحة | J45: D000036 | K45: 0 | L45: =+SUMIF('حركه المخزن الرئيسي اليوميه'!$F:$F,$H:$H,'حركه المخزن الرئيسي اليوميه'!$H:$H) -> 0 | M45: =+SUMIF('حركه المخزن الرئيسي اليوميه'!$F:$F,$H:$H,'حركه المخزن الرئيسي اليوميه'!$I:$I) -> 0 | N45: =+K45+L45-M45 -> 0 | O45: =+N45 -> 0 | P45: =+N45-O45 -> 0
B46: 47 | C46: الساحة | D46: الكهرباء | E46: كوابل طاقة شمسية (المصنع) | F46: رولة | G46: SunPower Cable | H46: كوابل طاقة شمسية (المصنع) | I46: الساحة"2" | J46: D000037 | K46: 18 | L46: =+SUMIF('حركه المخزن الرئيسي اليوميه'!$F:$F,$H:$H,'حركه المخزن الرئيسي اليوميه'!$H:$H) -> 0 | M46: =+SUMIF('حركه المخزن الرئيسي اليوميه'!$F:$F,$H:$H,'حركه المخزن الرئيسي اليوميه'!$I:$I) -> 0 | N46: =+K46+L46-M46 -> 18 | O46: =+N46 -> 18 | P46: =+N46-O46 -> 0
B47: 48 | C47: الساحة | D47: المعمل | E47: كوبلن موتور طاحونة (المعمل) | F47: قطعة | G47: Lab Mill Motor Couplin | H47: كوبلن موتور طاحونة sk100-3 | I47: الساحة | J47: D000038 | K47: 0 | L47: =+SUMIF('حركه المخزن الرئيسي اليوميه'!$F:$F,$H:$H,'حركه المخزن الرئيسي اليوميه'!$H:$H) -> 0 | M47: =+SUMIF('حركه المخزن الرئيسي اليوميه'!$F:$F,$H:$H,'حركه المخزن الرئيسي اليوميه'!$I:$I) -> 0 | N47: =+K47+L47-M47 -> 0 | O47: =+N47 -> 0 | P47: =+N47-O47 -> 0
B48: 49 | C48: الساحة | D48: المصنع | E48: جربوكس سيور الكسارة | F48: قطعه | H48: جربوكس سيور الكسارة | I48: الساحة"2" | J48: D000039 | K48: 2 | L48: =+SUMIF('حركه المخزن الرئيسي اليوميه'!$F:$F,$H:$H,'حركه المخزن الرئيسي اليوميه'!$H:$H) -> 0 | M48: =+SUMIF('حركه المخزن الرئيسي اليوميه'!$F:$F,$H:$H,'حركه المخزن الرئيسي اليوميه'!$I:$I) -> 0 | N48: =+K48+L48-M48 -> 2 | O48: =+N48 -> 2 | P48: =+N48-O48 -> 0
B49: 50 | C49: الساحة | D49: المعمل | E49: جهاذ قياس كثافة (المعمل) | F49: جهاذ | G49: bulk dencity meter | H49: جهاذ قياس كثافة (المعمل) | I49: الساحة | J49: D000040 | K49: 0 | L49: =+SUMIF('حركه المخزن الرئيسي اليوميه'!$F:$F,$H:$H,'حركه المخزن الرئيسي اليوميه'!$H:$H) -> 0 | M49: =+SUMIF('حركه المخزن الرئيسي اليوميه'!$F:$F,$H:$H,'حركه المخزن الرئيسي اليوميه'!$I:$I) -> 0 | N49: =+K49+L49-M49 -> 0 | O49: =+N49 -> 0 | P49: =+N49-O49 -> 0
B50: 51 | C50: الساحة | D50: المصنع | E50: جلب نحاس (الكسارة الكون 2) | F50: قطعه | H50: جلب نحاس (الكسارة الكون 2) | I50: الساحة"2" | J50: D000041 | K50: 1 | L50: =+SUMIF('حركه المخزن الرئيسي اليوميه'!$F:$F,$H:$H,'حركه المخزن الرئيسي اليوميه'!$H:$H) -> 0 | M50: =+SUMIF('حركه المخزن الرئيسي اليوميه'!$F:$F,$H:$H,'حركه المخزن الرئيسي اليوميه'!$I:$I) -> 0 | N50: =+K50+L50-M50 -> 1 | O50: =+N50 -> 1 | P50: =+N50-O50 -> 0
B51: 52 | C51: الساحة | D51: المصنع | E51: رولة سير 60*32 سم | F51: قطعة | H51: رولة سير 60*32 سم | I51: الساحة | J51: D000042 | K51: 0 | L51: =+SUMIF('حركه المخزن الرئيسي اليوميه'!$F:$F,$H:$H,'حركه المخزن الرئيسي اليوميه'!$H:$H) -> 0 | M51: =+SUMIF('حركه المخزن الرئيسي اليوميه'!$F:$F,$H:$H,'حركه المخزن الرئيسي اليوميه'!$I:$I) -> 0 | N51: =+K51+L51-M51 -> 0 | O51: =+N51 -> 0 | P51: =+N51-O51 -> 0
B52: 53 | C52: الساحة | D52: المصنع | E52: سكرين هزاز - بلاستيك كبير (كسارة) | F52: قطعة | G52: Double deck rubber sheet | H52: سكرين هزاز - بلاستيك كبير (كسارة) | I52: الساحة | J52: D000043 | K52: 0 | L52: =+SUMIF('حركه المخزن الرئيسي اليوميه'!$F:$F,$H:$H,'حركه المخزن الرئيسي اليوميه'!$H:$H) -> 0 | M52: =+SUMIF('حركه المخزن الرئيسي اليوميه'!$F:$F,$H:$H,'حركه المخزن الرئيسي اليوميه'!$I:$I) -> 0 | N52: =+K52+L52-M52 -> 0 | O52: =+N52 -> 0 | P52: =+N52-O52 -> 0
B53: 54 | C53: الساحة | D53: المصنع | E53: شيكر | F53: شيكر | G53: Shaker | H53: شيكر | I53: الساحة | J53: D000044 | K53: 0 | L53: =+SUMIF('حركه المخزن الرئيسي اليوميه'!$F:$F,$H:$H,'حركه المخزن الرئيسي اليوميه'!$H:$H) -> 0 | M53: =+SUMIF('حركه المخزن الرئيسي اليوميه'!$F:$F,$H:$H,'حركه المخزن الرئيسي اليوميه'!$I:$I) -> 0 | N53: =+K53+L53-M53 -> 0 | O53: =+N53 -> 0 | P53: =+N53-O53 -> 0
B54: 55 | C54: الساحة | D54: المصنع | E54: بطانه داخلية الطواحين ( كتل ) | F54: طقم | H54: بطانه داخلية الطواحين ( كتل ) | I54: الساحة"2" | J54: D000045 | K54: 2 | L54: =+SUMIF('حركه المخزن الرئيسي اليوميه'!$F:$F,$H:$H,'حركه المخزن الرئيسي اليوميه'!$H:$H) -> 0 | M54: =+SUMIF('حركه المخزن الرئيسي اليوميه'!$F:$F,$H:$H,'حركه المخزن الرئيسي اليوميه'!$I:$I) -> 0 | N54: =+K54+L54-M54 -> 2 | O54: =+N54 -> 2 | P54: =+N54-O54 -> 0
B55: 56 | C55: الساحة | D55: الصيانه | E55: مخرطة + ملحقات | F55: طقم | G55: Mixer + accessories | H55: مخرطة + ملحقات | I55: الساحة | J55: D000046 | K55: 0 | L55: =+SUMIF('حركه المخزن الرئيسي اليوميه'!$F:$F,$H:$H,'حركه المخزن الرئيسي اليوميه'!$H:$H) -> 0 | M55: =+SUMIF('حركه المخزن الرئيسي اليوميه'!$F:$F,$H:$H,'حركه المخزن الرئيسي اليوميه'!$I:$I) -> 0 | N55: =+K55+L55-M55 -> 0 | O55: =+N55 -> 0 | P55: =+N55-O55 -> 0
B56: 57 | C56: الساحة | D56: الاستكشاف | E56: مقسم عينات | F56: مقسم | G56: sample spliter | H56: مقسم عينات | I56: الساحة | J56: D000047 | K56: 0 | L56: =+SUMIF('حركه المخزن الرئيسي اليوميه'!$F:$F,$H:$H,'حركه المخزن الرئيسي اليوميه'!$H:$H) -> 0 | M56: =+SUMIF('حركه المخزن الرئيسي اليوميه'!$F:$F,$H:$H,'حركه المخزن الرئيسي اليوميه'!$I:$I) -> 0 | N56: =+K56+L56-M56 -> 0 | O56: =+N56 -> 0 | P56: =+N56-O56 -> 0
B57: 58 | C57: الساحة | D57: الصيانه | E57: مكبس هيدروليك (خراطيش) | F57: قطعة | G57: Hydraulic Hose press | H57: مكبس هيدروليك (خراطيش) | I57: الساحة | J57: D000048 | K57: 0 | L57: =+SUMIF('حركه المخزن الرئيسي اليوميه'!$F:$F,$H:$H,'حركه المخزن الرئيسي اليوميه'!$H:$H) -> 0 | M57: =+SUMIF('حركه المخزن الرئيسي اليوميه'!$F:$F,$H:$H,'حركه المخزن الرئيسي اليوميه'!$I:$I) -> 0 | N57: =+K57+L57-M57 -> 0 | O57: =+N57 -> 0 | P57: =+N57-O57 -> 0
B58: 59 | C58: الساحة | D58: المعمل | E58: مكنة اختبار عينات (المعمل) | F58: مكنة | H58: مكنة اختبار عينات (المعمل) | I58: الساحة | J58: D000049 | K58: 0 | L58: =+SUMIF('حركه المخزن الرئيسي اليوميه'!$F:$F,$H:$H,'حركه المخزن الرئيسي اليوميه'!$H:$H) -> 0 | M58: =+SUMIF('حركه المخزن الرئيسي اليوميه'!$F:$F,$H:$H,'حركه المخزن الرئيسي اليوميه'!$I:$I) -> 0 | N58: =+K58+L58-M58 -> 0 | O58: =+N58 -> 0 | P58: =+N58-O58 -> 0
B59: 60 | C59: الساحة | D59: المصنع | E59: ماسورة حديد 4*8 | F59: قطعة | G59: Iron Pipes | H59: مواسير حديد 4*8 | I59: الساحة"2" | J59: D000050 | K59: 9 | L59: =+SUMIF('حركه المخزن الرئيسي اليوميه'!$F:$F,$H:$H,'حركه المخزن الرئيسي اليوميه'!$H:$H) -> 0 | M59: =+SUMIF('حركه المخزن الرئيسي اليوميه'!$F:$F,$H:$H,'حركه المخزن الرئيسي اليوميه'!$I:$I) -> 9 | N59: =+K59+L59-M59 -> 0 | O59: =+N59 -> 0 | P59: =+N59-O59 -> 0
B60: 61 | C60: الاسمنت | D60: الصيانه | E60: ماسورة سلك شايك | F60: قطعة | G60: Fence Pipes | H60: مواسير 1.1/2سلك شايك 1 ملي | I60: مخزن الاسمنت الجديد | J60: D000051 | K60: 0 | L60: =+SUMIF('حركه المخزن الرئيسي اليوميه'!$F:$F,$H:$H,'حركه المخزن الرئيسي اليوميه'!$H:$H) -> 0 | M60: =+SUMIF('حركه المخزن الرئيسي اليوميه'!$F:$F,$H:$H,'حركه المخزن الرئيسي اليوميه'!$I:$I) -> 0 | N60: =+K60+L60-M60 -> 0 | O60: =+N60 -> 0 | P60: =+N60-O60 -> 0
B61: 62 | C61: الساحة | D61: المصنع | E61: غرص طاحونة ESF -175 | F61: طقم | H61: غرص طاحونة ESF -175 | I61: الساحة | J61: D000052 | K61: 0 | L61: =+SUMIF('حركه المخزن الرئيسي اليوميه'!$F:$F,$H:$H,'حركه المخزن الرئيسي اليوميه'!$H:$H) -> 0 | M61: =+SUMIF('حركه المخزن الرئيسي اليوميه'!$F:$F,$H:$H,'حركه المخزن الرئيسي اليوميه'!$I:$I) -> 0 | N61: =+K61+L61-M61 -> 0 | O61: =+N61 -> 0 | P61: =+N61-O61 -> 0
B62: 63 | C62: الساحة | D62: المصنع | E62: ماسورة سور 1.1/2 طول 6 متر | F62: قطعة | H62: ماسورة سور 1.1/2 طول 6 متر | I62: الساحة | J62: D000053 | K62: 0 | L62: =+SUMIF('حركه المخزن الرئيسي اليوميه'!$F:$F,$H:$H,'حركه المخزن الرئيسي اليوميه'!$H:$H) -> 0 | M62: =+SUMIF('حركه المخزن الرئيسي اليوميه'!$F:$F,$H:$H,'حركه المخزن الرئيسي اليوميه'!$I:$I) -> 0 | N62: =+K62+L62-M62 -> 0 | O62: =+N62 -> 0 | P62: =+N62-O62 -> 0
B63: 64 | C63: الساحة | D63: المصنع | E63: فريزة | F63: قطعة | G63: Freezer | H63: فريزة | I63: الساحة | J63: D000054 | K63: 0 | L63: =+SUMIF('حركه المخزن الرئيسي اليوميه'!$F:$F,$H:$H,'حركه المخزن الرئيسي اليوميه'!$H:$H) -> 0 | M63: =+SUMIF('حركه المخزن الرئيسي اليوميه'!$F:$F,$H:$H,'حركه المخزن الرئيسي اليوميه'!$I:$I) -> 0 | N63: =+K63+L63-M63 -> 0 | O63: =+N63 -> 0 | P63: =+N63-O63 -> 0
B64: 65 | C64: الساحة | D64: الانشاءات | E64: سيخ 5 لينيا | F64: سيخه | H64: سيخ 5 لينيا | I64: الساحة"2" | J64: D000055 | K64: 0 | L64: =+SUMIF('حركه المخزن الرئيسي اليوميه'!$F:$F,$H:$H,'حركه المخزن الرئيسي اليوميه'!$H:$H) -> 0 | M64: =+SUMIF('حركه المخزن الرئيسي اليوميه'!$F:$F,$H:$H,'حركه المخزن الرئيسي اليوميه'!$I:$I) -> 0 | N64: =+K64+L64-M64 -> 0 | O64: =+N64 -> 0 | P64: =+N64-O64 -> 0
B65: 66 | C65: الساحة | D65: المصنع | E65: قاعدة اسكرينات | F65: قطعة | G65: Screen Base | H65: قاعدة اسكرينات | I65: الساحة"2" | J65: D000056 | K65: 0 | L65: =+SUMIF('حركه المخزن الرئيسي اليوميه'!$F:$F,$H:$H,'حركه المخزن الرئيسي اليوميه'!$H:$H) -> 0 | M65: =+SUMIF('حركه المخزن الرئيسي اليوميه'!$F:$F,$H:$H,'حركه المخزن الرئيسي اليوميه'!$I:$I) -> 0 | N65: =+K65+L65-M65 -> 0 | O65: =+N65 -> 0 | P65: =+N65-O65 -> 0
B66: 67 | C66: الساحة | D66: المصنع | E66: كمر اتش | F66: قطعة | H66: كمر اتش تقيل | I66: الساحة | J66: D000057 | K66: 0 | L66: =+SUMIF('حركه المخزن الرئيسي اليوميه'!$F:$F,$H:$H,'حركه المخزن الرئيسي اليوميه'!$H:$H) -> 0 | M66: =+SUMIF('حركه المخزن الرئيسي اليوميه'!$F:$F,$H:$H,'حركه المخزن الرئيسي اليوميه'!$I:$I) -> 0 | N66: =+K66+L66-M66 -> 0 | O66: =+N66 -> 0 | P66: =+N66-O66 -> 0
B67: 68 | C67: الساحة | D67: المصنع | E67: ريشة مروحة التنوكة صغيرة | F67: قطعة | G67: Iron Pipe | H67: ريشة مروحة التنوكة صغيرة | I67: الساحة"2" | J67: D000058 | K67: 15 | L67: =+SUMIF('حركه المخزن الرئيسي اليوميه'!$F:$F,$H:$H,'حركه المخزن الرئيسي اليوميه'!$H:$H) -> 0 | M67: =+SUMIF('حركه المخزن الرئيسي اليوميه'!$F:$F,$H:$H,'حركه المخزن الرئيسي اليوميه'!$I:$I) -> 0 | N67: =+K67+L67-M67 -> 15 | O67: =+N67 -> 15 | P67: =+N67-O67 -> 0
B68: 69 | C68: الساحة | D68: المصنع | E68: كوبلن طواحين | F68: قطعة | G68: Mill Ball Coupin | H68: كوبلن طواحين | I68: الساحة"1" | J68: D000059 | K68: 5 | L68: =+SUMIF('حركه المخزن الرئيسي اليوميه'!$F:$F,$H:$H,'حركه المخزن الرئيسي اليوميه'!$H:$H) -> 0 | M68: =+SUMIF('حركه المخزن الرئيسي اليوميه'!$F:$F,$H:$H,'حركه المخزن الرئيسي اليوميه'!$I:$I) -> 0 | N68: =+K68+L68-M68 -> 5 | O68: =+N68 -> 5 | P68: =+N68-O68 -> 0
B69: 70 | C69: الساحة | D69: الانشاءات | E69: لوح 6 متر ( زنكي ) | F69: لوح | G69: zinc plate | H69: لوح 6 متر ( زنكي ) | I69: الساحة"1" | J69: D000060 | K69: 3 | L69: =+SUMIF('حركه المخزن الرئيسي اليوميه'!$F:$F,$H:$H,'حركه المخزن الرئيسي اليوميه'!$H:$H) -> 0 | M69: =+SUMIF('حركه المخزن الرئيسي اليوميه'!$F:$F,$H:$H,'حركه المخزن الرئيسي اليوميه'!$I:$I) -> 0 | N69: =+K69+L69-M69 -> 3 | O69: =+N69 -> 3 | P69: =+N69-O69 -> 0
B70: 71 | C70: الساحة | D70: المصنع | E70: كيس بلي هزاز الكسارة | F70: قطعة | G70: Pump Shaft | H70: كيس بلي هزاز الكسارة | I70: الساحة"1" | J70: D000061 | K70: 4 | L70: =+SUMIF('حركه المخزن الرئيسي اليوميه'!$F:$F,$H:$H,'حركه المخزن الرئيسي اليوميه'!$H:$H) -> 0 | M70: =+SUMIF('حركه المخزن الرئيسي اليوميه'!$F:$F,$H:$H,'حركه المخزن الرئيسي اليوميه'!$I:$I) -> 0 | N70: =+K70+L70-M70 -> 4 | O70: =+N70 -> 4 | P70: =+N70-O70 -> 0
B71: 72 | C71: الساحة | D71: الصيانه | E71: ماسورة 2.5 بوصة (حديد) | F71: قطعة | G71: Iron Pipe | H71: ماسورة 2.5 بوصة (حديد) | I71: الساحة | J71: D000062 | K71: 0 | L71: =+SUMIF('حركه المخزن الرئيسي اليوميه'!$F:$F,$H:$H,'حركه المخزن الرئيسي اليوميه'!$H:$H) -> 0 | M71: =+SUMIF('حركه المخزن الرئيسي اليوميه'!$F:$F,$H:$H,'حركه المخزن الرئيسي اليوميه'!$I:$I) -> 0 | N71: =+K71+L71-M71 -> 0 | O71: =+N71 -> 0 | P71: =+N71-O71 -> 0
B72: 73 | C72: الساحة | D72: الصيانه | E72: ماسور حديد 12 متر | F72: قطعة | G72: Iron Pipe | H72: ماسورة 8بوصة (حديد) | I72: الساحة"1" | J72: D000063 | K72: 1 | L72: =+SUMIF('حركه المخزن الرئيسي اليوميه'!$F:$F,$H:$H,'حركه المخزن الرئيسي اليوميه'!$H:$H) -> 0 | M72: =+SUMIF('حركه المخزن الرئيسي اليوميه'!$F:$F,$H:$H,'حركه المخزن الرئيسي اليوميه'!$I:$I) -> 0 | N72: =+K72+L72-M72 -> 1 | O72: =+N72 -> 1 | P72: =+N72-O72 -> 0
B73: 74 | C73: الساحة | D73: المعمل | E73: موتور طاحونة (المعمل) | F73: قطعة | G73: Lab Mill Motor | H73: موتورsk100-3 | I73: الساحة | J73: D000064 | K73: 0 | L73: =+SUMIF('حركه المخزن الرئيسي اليوميه'!$F:$F,$H:$H,'حركه المخزن الرئيسي اليوميه'!$H:$H) -> 0 | M73: =+SUMIF('حركه المخزن الرئيسي اليوميه'!$F:$F,$H:$H,'حركه المخزن الرئيسي اليوميه'!$I:$I) -> 0 | N73: =+K73+L73-M73 -> 0 | O73: =+N73 -> 0 | P73: =+N73-O73 -> 0
B74: 75 | C74: الساحة | D74: المعمل | E74: جربوكس طاحونة المعمل (صيانة ) | F74: قطعة | H74: جربوكس طاحونة المعمل (صيانة ) | I74: الساحة | J74: D000065 | K74: 0 | L74: =+SUMIF('حركه المخزن الرئيسي اليوميه'!$F:$F,$H:$H,'حركه المخزن الرئيسي اليوميه'!$H:$H) -> 0 | M74: =+SUMIF('حركه المخزن الرئيسي اليوميه'!$F:$F,$H:$H,'حركه المخزن الرئيسي اليوميه'!$I:$I) -> 0 | N74: =+K74+L74-M74 -> 0 | O74: =+N74 -> 0 | P74: =+N74-O74 -> 0
B75: 76 | C75: الساحة | D75: الصيانه | E75: صاج سماكه 8 ملي مقاس 120*140 | F75: لوح | H75: صاج سماكه 8 ملي مقاس 120*140 | I75: الساحة"2" | J75: D000066 | K75: 4 | L75: =+SUMIF('حركه المخزن الرئيسي اليوميه'!$F:$F,$H:$H,'حركه المخزن الرئيسي اليوميه'!$H:$H) -> 0 | M75: =+SUMIF('حركه المخزن الرئيسي اليوميه'!$F:$F,$H:$H,'حركه المخزن الرئيسي اليوميه'!$I:$I) -> 2 | N75: =+K75+L75-M75 -> 2 | O75: =+N75 -> 2 | P75: =+N75-O75 -> 0
B76: 77 | C76: الساحة | D76: المصنع | E76: رولة سير كبيرة ( الكسارة + الفلتر ) | F76: قطعة | H76: رولة سير كبيرة ( الكسارة + الفلتر ) | I76: الساحة"1" | J76: D000067 | K76: 2 | L76: =+SUMIF('حركه المخزن الرئيسي اليوميه'!$F:$F,$H:$H,'حركه المخزن الرئيسي اليوميه'!$H:$H) -> 0 | M76: =+SUMIF('حركه المخزن الرئيسي اليوميه'!$F:$F,$H:$H,'حركه المخزن الرئيسي اليوميه'!$I:$I) -> 0 | N76: =+K76+L76-M76 -> 2 | O76: =+N76 -> 2 | P76: =+N76-O76 -> 0
B77: 78 | C77: الساحة | D77: المصنع | E77: عمود التنوكة ( عمود ريشة التنوكة ) | F77: قطعه | H77: عمود التنوكة ( عمود ريشة التنوكة ) | I77: الساحة | J77: D000068 | K77: 0 | L77: =+SUMIF('حركه المخزن الرئيسي اليوميه'!$F:$F,$H:$H,'حركه المخزن الرئيسي اليوميه'!$H:$H) -> 0 | M77: =+SUMIF('حركه المخزن الرئيسي اليوميه'!$F:$F,$H:$H,'حركه المخزن الرئيسي اليوميه'!$I:$I) -> 0 | N77: =+K77+L77-M77 -> 0 | O77: =+N77 -> 0 | P77: =+N77-O77 -> 0
B78: 79 | C78: الساحة | D78: المصنع | E78: عمود الكسارة | F78: قطعة | G78: PLATE | H78: عمود الكسارة | I78: الساحة"1" | J78: D000069 | K78: 3 | L78: =+SUMIF('حركه المخزن الرئيسي اليوميه'!$F:$F,$H:$H,'حركه المخزن الرئيسي اليوميه'!$H:$H) -> 0 | M78: =+SUMIF('حركه المخزن الرئيسي اليوميه'!$F:$F,$H:$H,'حركه المخزن الرئيسي اليوميه'!$I:$I) -> 0 | N78: =+K78+L78-M78 -> 3 | O78: =+N78 -> 3 | P78: =+N78-O78 -> 0
B79: 80 | C79: المصنع | D79: المصنع | E79: فاليود (كيس)طلمبة الفلتر | F79: قطعة | G79: VAILOUD FILTER PUMP | H79: فاليود (كيس)طلمبة الفلتر 3/4 | I79: الساحة"1" | J79: D000070 | K79: 3 | L79: =+SUMIF('حركه المخزن الرئيسي اليوميه'!$F:$F,$H:$H,'حركه المخزن الرئيسي اليوميه'!$H:$H) -> 0 | M79: =+SUMIF('حركه المخزن الرئيسي اليوميه'!$F:$F,$H:$H,'حركه المخزن الرئيسي اليوميه'!$I:$I) -> 0 | N79: =+K79+L79-M79 -> 3 | O79: =+N79 -> 3 | P79: =+N79-O79 -> 0
B80: 81 | C80: المكتب | D80: السلامة | E80: مقياس المطر | F80: قطعه | H80: مقياس المطر | I80: المكتب | J80: D000071 | K80: 2 | L80: =+SUMIF('حركه المخزن الرئيسي اليوميه'!$F:$F,$H:$H,'حركه المخزن الرئيسي اليوميه'!$H:$H) -> 0 | M80: =+SUMIF('حركه المخزن الرئيسي اليوميه'!$F:$F,$H:$H,'حركه المخزن الرئيسي اليوميه'!$I:$I) -> 0 | N80: =+K80+L80-M80 -> 2 | O80: =+N80 -> 2 | P80: =+N80-O80 -> 0
B81: 82 | C81: المكتب | D81: الادارة | E81: جهاز لاسلكي | F81: طقم | H81: جهاز لاسلكي | I81: المكتب | J81: D000072 | K81: 0 | L81: =+SUMIF('حركه المخزن الرئيسي اليوميه'!$F:$F,$H:$H,'حركه المخزن الرئيسي اليوميه'!$H:$H) -> 0 | M81: =+SUMIF('حركه المخزن الرئيسي اليوميه'!$F:$F,$H:$H,'حركه المخزن الرئيسي اليوميه'!$I:$I) -> 0 | N81: =+K81+L81-M81 -> 0 | O81: =+N81 -> 0 | P81: =+N81-O81 -> 0
B82: 83 | C82: المكتب | D82: السلامة | E82: قياس ملوحة مياة TDS | F82: قطعة | H82: قياس ملوحة مياة TDS | I82: المكتب | J82: D000073 | K82: 1 | L82: =+SUMIF('حركه المخزن الرئيسي اليوميه'!$F:$F,$H:$H,'حركه المخزن الرئيسي اليوميه'!$H:$H) -> 0 | M82: =+SUMIF('حركه المخزن الرئيسي اليوميه'!$F:$F,$H:$H,'حركه المخزن الرئيسي اليوميه'!$I:$I) -> 0 | N82: =+K82+L82-M82 -> 1 | O82: =+N82 -> 1 | P82: =+N82-O82 -> 0
B83: 84 | C83: الساحة | D83: المصنع | E83: بلور كامل بملحقاته | F83: SET | G83: AIR BLOWR | H83: AIR BLOWR | J83: D000074 | K83: 0 | L83: =+SUMIF('حركه المخزن الرئيسي اليوميه'!$F:$F,$H:$H,'حركه المخزن الرئيسي اليوميه'!$H:$H) -> 0 | M83: =+SUMIF('حركه المخزن الرئيسي اليوميه'!$F:$F,$H:$H,'حركه المخزن الرئيسي اليوميه'!$I:$I) -> 0 | N83: =+K83+L83-M83 -> 0 | O83: =+N83 -> 0 | P83: =+N83-O83 -> 0
B84: 85 | C84: الساحة | D84: المصنع | E84: مبادل حرارى | F84: قطعة | G84: Heat Exchanger | H84: Heat Exchanger | I84: الساحة"1" | J84: D000075 | K84: 1 | L84: =+SUMIF('حركه المخزن الرئيسي اليوميه'!$F:$F,$H:$H,'حركه المخزن الرئيسي اليوميه'!$H:$H) -> 0 | M84: =+SUMIF('حركه المخزن الرئيسي اليوميه'!$F:$F,$H:$H,'حركه المخزن الرئيسي اليوميه'!$I:$I) -> 0 | N84: =+K84+L84-M84 -> 1 | O84: =+N84 -> 1 | P84: =+N84-O84 -> 0
B85: 86 | C85: الساحة | D85: المصنع | E85: Grate Plateمصافى صغيرة | F85: قطعة | G85: Small Refineries | H85: MQG2430-04-03 | J85: D000076 | K85: 0 | L85: =+SUMIF('حركه المخزن الرئيسي اليوميه'!$F:$F,$H:$H,'حركه المخزن الرئيسي اليوميه'!$H:$H) -> 0 | M85: =+SUMIF('حركه المخزن الرئيسي اليوميه'!$F:$F,$H:$H,'حركه المخزن الرئيسي اليوميه'!$I:$I) -> 0 | N85: =+K85+L85-M85 -> 0 | O85: =+N85 -> 0 | P85: =+N85-O85 -> 0
B86: 87 | C86: الاسمنت | J86: D000077 | K86: 0 | L86: =+SUMIF('حركه المخزن الرئيسي اليوميه'!$F:$F,$H:$H,'حركه المخزن الرئيسي اليوميه'!$H:$H) -> 0 | M86: =+SUMIF('حركه المخزن الرئيسي اليوميه'!$F:$F,$H:$H,'حركه المخزن الرئيسي اليوميه'!$I:$I) -> 0 | N86: =+K86+L86-M86 -> 0 | O86: =+N86 -> 0 | P86: =+N86-O86 -> 0
B87: 88 | C87: المكتب | D87: المعالجه | E87: حجر صباع كوداك | F87: قطعة | G87: Battery- Koddak | H87: حجر صباع كوداك | J87: D000078 | K87: 0 | L87: =+SUMIF('حركه المخزن الرئيسي اليوميه'!$F:$F,$H:$H,'حركه المخزن الرئيسي اليوميه'!$H:$H) -> 0 | M87: =+SUMIF('حركه المخزن الرئيسي اليوميه'!$F:$F,$H:$H,'حركه المخزن الرئيسي اليوميه'!$I:$I) -> 0 | N87: =+K87+L87-M87 -> 0 | O87: =+N87 -> 0 | P87: =+N87-O87 -> 0
B88: 89 | C88: الاسمنت | D88: محطه التحليه | E88: خرسانة | F88: جوال | G88: Concrete | H88: خرسانة | I88: الكربون | J88: D000079 | K88: 6 | L88: =+SUMIF('حركه المخزن الرئيسي اليوميه'!$F:$F,$H:$H,'حركه المخزن الرئيسي اليوميه'!$H:$H) -> 0 | M88: =+SUMIF('حركه المخزن الرئيسي اليوميه'!$F:$F,$H:$H,'حركه المخزن الرئيسي اليوميه'!$I:$I) -> 0 | N88: =+K88+L88-M88 -> 6 | O88: =+N88 -> 6 | P88: =+N88-O88 -> 0
B89: 90 | C89: الساحة | D89: المصنع | E89: مبادل حراري الكسارة | F89: قطعة | G89: PPR Male Coupling | H89: مبادل حراري الكسارة | J89: D000080 | K89: 0 | L89: =+SUMIF('حركه المخزن الرئيسي اليوميه'!$F:$F,$H:$H,'حركه المخزن الرئيسي اليوميه'!$H:$H) -> 0 | M89: =+SUMIF('حركه المخزن الرئيسي اليوميه'!$F:$F,$H:$H,'حركه المخزن الرئيسي اليوميه'!$I:$I) -> 0 | N89: =+K89+L89-M89 -> 0 | O89: =+N89 -> 0 | P89: =+N89-O89 -> 0
C90: الساحة | D90: المصنع | E90: طلمبة ضغط عالي + ( خلاط ) | F90: قطعة | H90: طلمبة ضغط عالي + ( خلاط ) | I90: الساحة | J90: D000081 | K90: 0 | L90: =+SUMIF('حركه المخزن الرئيسي اليوميه'!$F:$F,$H:$H,'حركه المخزن الرئيسي اليوميه'!$H:$H) -> 0 | M90: =+SUMIF('حركه المخزن الرئيسي اليوميه'!$F:$F,$H:$H,'حركه المخزن الرئيسي اليوميه'!$I:$I) -> 0 | N90: =+K90+L90-M90 -> 0 | O90: =+N90 -> 0 | P90: =+N90-O90 -> 0
B91: 91 | C91: الساحة | D91: الصيانه | E91: صاج سماكة 3 ملي | F91: لوح | H91: صاج سماكة 3 ملي | I91: الساحة"2" | J91: D000082 | K91: 3 | L91: =+SUMIF('حركه المخزن الرئيسي اليوميه'!$F:$F,$H:$H,'حركه المخزن الرئيسي اليوميه'!$H:$H) -> 0 | M91: =+SUMIF('حركه المخزن الرئيسي اليوميه'!$F:$F,$H:$H,'حركه المخزن الرئيسي اليوميه'!$I:$I) -> 2 | N91: =+K91+L91-M91 -> 1 | O91: =+N91 -> 1 | P91: =+N91-O91 -> 0
B92: 92 | C92: المكتب | D92: المعالجه | E92: شمع الخلية | F92: كيلو | H92: شمع الخلية | J92: D000083 | K92: 0 | L92: =+SUMIF('حركه المخزن الرئيسي اليوميه'!$F:$F,$H:$H,'حركه المخزن الرئيسي اليوميه'!$H:$H) -> 0 | M92: =+SUMIF('حركه المخزن الرئيسي اليوميه'!$F:$F,$H:$H,'حركه المخزن الرئيسي اليوميه'!$I:$I) -> 0 | N92: =+K92+L92-M92 -> 0 | O92: =+N92 -> 0 | P92: =+N92-O92 -> 0
B93: 93 | C93: الساحة | D93: الكهرباء | E93: سلك المونيوم 1*185 ملم | F93: متر | H93: سلك المونيوم 1*185 ملم | J93: D000084 | K93: 0 | L93: =+SUMIF('حركه المخزن الرئيسي اليوميه'!$F:$F,$H:$H,'حركه المخزن الرئيسي اليوميه'!$H:$H) -> 0 | M93: =+SUMIF('حركه المخزن الرئيسي اليوميه'!$F:$F,$H:$H,'حركه المخزن الرئيسي اليوميه'!$I:$I) -> 0 | N93: =+K93+L93-M93 -> 0 | O93: =+N93 -> 0 | P93: =+N93-O93 -> 0
B94: 94 | C94: الساحة | D94: الكهرباء | E94: غطاء بلور امامي | F94: قطعه | H94: غطاء بلور امامي | I94: الساحة"1" | J94: D000085 | K94: 1 | L94: =+SUMIF('حركه المخزن الرئيسي اليوميه'!$F:$F,$H:$H,'حركه المخزن الرئيسي اليوميه'!$H:$H) -> 0 | M94: =+SUMIF('حركه المخزن الرئيسي اليوميه'!$F:$F,$H:$H,'حركه المخزن الرئيسي اليوميه'!$I:$I) -> 0 | N94: =+K94+L94-M94 -> 1 | O94: =+N94 -> 1 | P94: =+N94-O94 -> 0
B95: 95 | C95: الساحة | D95: الكهرباء | E95: غطاء بلور خلفي | F95: قطعه | H95: غطاء بلور خلفي | I95: الساحة"1" | J95: D000086 | K95: 1 | L95: =+SUMIF('حركه المخزن الرئيسي اليوميه'!$F:$F,$H:$H,'حركه المخزن الرئيسي اليوميه'!$H:$H) -> 0 | M95: =+SUMIF('حركه المخزن الرئيسي اليوميه'!$F:$F,$H:$H,'حركه المخزن الرئيسي اليوميه'!$I:$I) -> 0 | N95: =+K95+L95-M95 -> 1 | O95: =+N95 -> 1 | P95: =+N95-O95 -> 0
B96: 96 | C96: الساحة | D96: الكهرباء | E96: اغطية فك بلالي الكسارة الاولية | F96: قطعه | H96: اغطية فك بلالي الكسارة الاولية | I96: الساحة"1" | J96: D000087 | K96: 18 | L96: =+SUMIF('حركه المخزن الرئيسي اليوميه'!$F:$F,$H:$H,'حركه المخزن الرئيسي اليوميه'!$H:$H) -> 0 | M96: =+SUMIF('حركه المخزن الرئيسي اليوميه'!$F:$F,$H:$H,'حركه المخزن الرئيسي اليوميه'!$I:$I) -> 0 | N96: =+K96+L96-M96 -> 18 | O96: =+N96 -> 18 | P96: =+N96-O96 -> 0
B97: 97 | C97: الساحة | D97: الكهرباء | E97: طلمبة ضغط الفرش | F97: قطعه | H97: طلمبة ضغط الفرش | I97: الساحة"1" | J97: D000088 | K97: 0 | L97: =+SUMIF('حركه المخزن الرئيسي اليوميه'!$F:$F,$H:$H,'حركه المخزن الرئيسي اليوميه'!$H:$H) -> 0 | M97: =+SUMIF('حركه المخزن الرئيسي اليوميه'!$F:$F,$H:$H,'حركه المخزن الرئيسي اليوميه'!$I:$I) -> 0 | N97: =+K97+L97-M97 -> 0 | O97: =+N97 -> 0 | P97: =+N97-O97 -> 0
B98: 154 | C98: الساحه | D98: الساحه | E98: بلتات فك الكسارة 120*80 سم | F98: قطعة | G98: BACKING GLAND | H98: بلتات فك الكسارة 120*80 سم | I98: الساحة"2" | J98: D000089 | K98: 9 | L98: =+SUMIF('حركه المخزن الرئيسي اليوميه'!$F:$F,$H:$H,'حركه المخزن الرئيسي اليوميه'!$H:$H) -> 0 | M98: =+SUMIF('حركه المخزن الرئيسي اليوميه'!$F:$F,$H:$H,'حركه المخزن الرئيسي اليوميه'!$I:$I) -> 0 | N98: =+K98+L98-M98 -> 9 | O98: =+N98 -> 9 | P98: =+N98-O98 -> 0
B99: 99 | C99: الساحه | D99: الساحه | E99: كتلة مثلثه الكسارة الاولية | F99: قطعة | H99: كتلة مثلثه الكسارة الاولية | I99: الساحة"1" | J99: D000090 | K99: 2 | L99: =+SUMIF('حركه المخزن الرئيسي اليوميه'!$F:$F,$H:$H,'حركه المخزن الرئيسي اليوميه'!$H:$H) -> 0 | M99: =+SUMIF('حركه المخزن الرئيسي اليوميه'!$F:$F,$H:$H,'حركه المخزن الرئيسي اليوميه'!$I:$I) -> 0 | N99: =+K99+L99-M99 -> 2 | O99: =+N99 -> 2 | P99: =+N99-O99 -> 0
B100: 116 | D100: الصيانه | E100: مسامير 13النكي | F100: قطعة | H100: مسامير 13النكي | J100: D000091 | K100: 0 | L100: =+SUMIF('حركه المخزن الرئيسي اليوميه'!$F:$F,$H:$H,'حركه المخزن الرئيسي اليوميه'!$H:$H) -> 0 | M100: =+SUMIF('حركه المخزن الرئيسي اليوميه'!$F:$F,$H:$H,'حركه المخزن الرئيسي اليوميه'!$I:$I) -> 0 | N100: =+K100+L100-M100 -> 0 | O100: =+N100 -> 0 | P100: =+N100-O100 -> 0
B101: 117 | D101: السباكة | E101: خرطوش بلاستكك 10 بار 3/4 | F101: متر | H101: خرطوش بلاستكك 10 بار 3/4 | J101: D000092 | K101: 0 | L101: =+SUMIF('حركه المخزن الرئيسي اليوميه'!$F:$F,$H:$H,'حركه المخزن الرئيسي اليوميه'!$H:$H) -> 0 | M101: =+SUMIF('حركه المخزن الرئيسي اليوميه'!$F:$F,$H:$H,'حركه المخزن الرئيسي اليوميه'!$I:$I) -> 0 | N101: =+K101+L101-M101 -> 0 | O101: =+N101 -> 0 | P101: =+N101-O101 -> 0
B102: 119 | D102: الكهرباء | E102: لمبة زهب | F102: فطعة | H102: لمبة زهب | J102: D000093 | K102: 0 | L102: =+SUMIF('حركه المخزن الرئيسي اليوميه'!$F:$F,$H:$H,'حركه المخزن الرئيسي اليوميه'!$H:$H) -> 0 | M102: =+SUMIF('حركه المخزن الرئيسي اليوميه'!$F:$F,$H:$H,'حركه المخزن الرئيسي اليوميه'!$I:$I) -> 0 | N102: =+K102+L102-M102 -> 0 | O102: =+N102 -> 0 | P102: =+N102-O102 -> 0
B103: 120 | C103: الساحة | D103: الكهرباء | E103: مولد 660kv / 700 | F103: فطعة | H103: مولد 660kv / 700 | J103: D000094 | K103: 0 | L103: =+SUMIF('حركه المخزن الرئيسي اليوميه'!$F:$F,$H:$H,'حركه المخزن الرئيسي اليوميه'!$H:$H) -> 0 | M103: =+SUMIF('حركه المخزن الرئيسي اليوميه'!$F:$F,$H:$H,'حركه المخزن الرئيسي اليوميه'!$I:$I) -> 0 | N103: =+K103+L103-M103 -> 0 | O103: =+N103 -> 0 | P103: =+N103-O103 -> 0
...

Sheet الكهرباء
M2: 2026 يناير
E6: شركة اورشاب لتعدين الذهب
E7: المخازن 2025
I8: =I7+I6 -> 0 | K8: الكمية | R8: ملاحظات
B9: متسلسل | C9: المخزن | D9: القسم | E9: اسم الصنف عربي | F9: النوع | G9: اسم الصنف E | H9: رقم الصنف | I9: الرف - الصندوق | J9: كود الصنف | K9: الرصيد الافتتاحي | L9: الوارد | M9: المنصرف | N9: الرصيد الحالي | O9: الفعلي | P9: الجرد
B10: 1 | C10: الكهرباء | D10: الكهرباء | E10: علب توزيع (بلاستك | F10: قطعة | G10: PVC Electric wall Mounted Box | H10: علب توزيع (بلاستك | I10: A-1 | J10: B000001 | K10: 113 | L10: =+SUMIF('حركه المخزن الرئيسي اليوميه'!$F:$F,$H:$H,'حركه المخزن الرئيسي اليوميه'!$H:$H) -> 0 | M10: =+SUMIF('حركه المخزن الرئيسي اليوميه'!$F:$F,$H:$H,'حركه المخزن الرئيسي اليوميه'!$I:$I) -> 0 | N10: =+K10+L10-M10 -> 113 | O10: =+N10 -> 113 | P10: =+N10-O10 -> 0
B11: 2 | C11: الكهرباء | D11: مولدات | E11: ثيرموستات | F11: قطعة | G11: THERMOSTATE | H11: ثيرموستات KPR1645 | I11: A-1 | J11: B000002 | K11: 3 | L11: =+SUMIF('حركه المخزن الرئيسي اليوميه'!$F:$F,$H:$H,'حركه المخزن الرئيسي اليوميه'!$H:$H) -> 0 | M11: =+SUMIF('حركه المخزن الرئيسي اليوميه'!$F:$F,$H:$H,'حركه المخزن الرئيسي اليوميه'!$I:$I) -> 0 | N11: =+K11+L11-M11 -> 3 | O11: =+N11 -> 3 | P11: =+N11-O11 -> 0
B12: 3 | C12: الكهرباء | D12: مولدات | E12: ثيرموستات | F12: قطعة | G12: THERMOSTATE | H12: ثيرموستات 2.5 | I12: A-1 | J12: B000003 | K12: 3 | L12: =+SUMIF('حركه المخزن الرئيسي اليوميه'!$F:$F,$H:$H,'حركه المخزن الرئيسي اليوميه'!$H:$H) -> 0 | M12: =+SUMIF('حركه المخزن الرئيسي اليوميه'!$F:$F,$H:$H,'حركه المخزن الرئيسي اليوميه'!$I:$I) -> 0 | N12: =+K12+L12-M12 -> 3 | O12: =+N12 -> 3 | P12: =+N12-O12 -> 0
B13: 4 | C13: الكهرباء | D13: الكهرباء | E13: طلمبات مكيفات 4000 وحدة | F13: قطعة | G13: WATER PUMP | H13: طلمبات مكيفات 4000 وحدة | I13: A-2 | J13: B000004 | K13: 0 | L13: =+SUMIF('حركه المخزن الرئيسي اليوميه'!$F:$F,$H:$H,'حركه المخزن الرئيسي اليوميه'!$H:$H) -> 0 | M13: =+SUMIF('حركه المخزن الرئيسي اليوميه'!$F:$F,$H:$H,'حركه المخزن الرئيسي اليوميه'!$I:$I) -> 0 | N13: =+K13+L13-M13 -> 0 | O13: =+N13 -> 0 | P13: =+N13-O13 -> 0
B14: 5 | C14: الكهرباء | D14: الكهرباء | E14: علبه بلاستك بلكات | F14: قطعة | G14: PVC Electric wall Mounted Box | H14: علبه بلاستك بلكات | I14: A-2 | J14: B000005 | K14: 0 | L14: =+SUMIF('حركه المخزن الرئيسي اليوميه'!$F:$F,$H:$H,'حركه المخزن الرئيسي اليوميه'!$H:$H) -> 0 | M14: =+SUMIF('حركه المخزن الرئيسي اليوميه'!$F:$F,$H:$H,'حركه المخزن الرئيسي اليوميه'!$I:$I) -> 0 | N14: =+K14+L14-M14 -> 0 | O14: =+N14 -> 0 | P14: =+N14-O14 -> 0
B15: 6 | C15: الكهرباء | D15: الكهرباء | E15: C.T 1000/5 | F15: قطعة | H15: C.T 1000/5 | I15: A-4 | J15: B000006 | K15: 17 | L15: =+SUMIF('حركه المخزن الرئيسي اليوميه'!$F:$F,$H:$H,'حركه المخزن الرئيسي اليوميه'!$H:$H) -> 0 | M15: =+SUMIF('حركه المخزن الرئيسي اليوميه'!$F:$F,$H:$H,'حركه المخزن الرئيسي اليوميه'!$I:$I) -> 0 | N15: =+K15+L15-M15 -> 17 | O15: =+N15 -> 17 | P15: =+N15-O15 -> 0
B16: 7 | C16: الكهرباء | D16: الكهرباء | E16: مسامير + فشر بلاستك | F16: صندوق | G16: Plastic wall Plug | H16: مسامير + فشر بلاستك | I16: A-2 | J16: B000007 | K16: 2 | L16: =+SUMIF('حركه المخزن الرئيسي اليوميه'!$F:$F,$H:$H,'حركه المخزن الرئيسي اليوميه'!$H:$H) -> 0 | M16: =+SUMIF('حركه المخزن الرئيسي اليوميه'!$F:$F,$H:$H,'حركه المخزن الرئيسي اليوميه'!$I:$I) -> 0 | N16: =+K16+L16-M16 -> 2 | O16: =+N16 -> 2 | P16: =+N16-O16 -> 0
B17: 8 | C17: الكهرباء | D17: الكهرباء | E17: شريط كهرباء | F17: قطعة | G17: ELECTRIC TAP | H17: شريط كهرباء | I17: المكتب | J17: B000008 | K17: 120 | L17: =+SUMIF('حركه المخزن الرئيسي اليوميه'!$F:$F,$H:$H,'حركه المخزن الرئيسي اليوميه'!$H:$H) -> 0 | M17: =+SUMIF('حركه المخزن الرئيسي اليوميه'!$F:$F,$H:$H,'حركه المخزن الرئيسي اليوميه'!$I:$I) -> 30 | N17: =+K17+L17-M17 -> 90 | O17: =+N17 -> 90 | P17: =+N17-O17 -> 0
B18: 9 | C18: الكهرباء | D18: الكهرباء | E18: جذم كيبل 95ملى | F18: قطعة | G18: Cable shoes | H18: جذم كيبل 95ملى | I18: B-7 | J18: B000009 | K18: 0 | L18: =+SUMIF('حركه المخزن الرئيسي اليوميه'!$F:$F,$H:$H,'حركه المخزن الرئيسي اليوميه'!$H:$H) -> 0 | M18: =+SUMIF('حركه المخزن الرئيسي اليوميه'!$F:$F,$H:$H,'حركه المخزن الرئيسي اليوميه'!$I:$I) -> 0 | N18: =+K18+L18-M18 -> 0 | O18: =+N18 -> 0 | P18: =+N18-O18 -> 0
B19: 10 | C19: الكهرباء | D19: الكهرباء | E19: جزم كوابل 120 ملم | F19: قطعة | H19: جزم كوابل 120 ملم | I19: B-7 | J19: B000010 | K19: 0 | L19: =+SUMIF('حركه المخزن الرئيسي اليوميه'!$F:$F,$H:$H,'حركه المخزن الرئيسي اليوميه'!$H:$H) -> 0 | M19: =+SUMIF('حركه المخزن الرئيسي اليوميه'!$F:$F,$H:$H,'حركه المخزن الرئيسي اليوميه'!$I:$I) -> 0 | N19: =+K19+L19-M19 -> 0 | O19: =+N19 -> 0 | P19: =+N19-O19 -> 0
B20: 11 | C20: الكهرباء | D20: الكهرباء | E20: جزم كوابل 300ملي | F20: قطعة | G20: Cable shoes | H20: جزم كوابل -16- 300ملي حديد | I20: B-7 | J20: B000011 | K20: 21 | L20: =+SUMIF('حركه المخزن الرئيسي اليوميه'!$F:$F,$H:$H,'حركه المخزن الرئيسي اليوميه'!$H:$H) -> 0 | M20: =+SUMIF('حركه المخزن الرئيسي اليوميه'!$F:$F,$H:$H,'حركه المخزن الرئيسي اليوميه'!$I:$I) -> 0 | N20: =+K20+L20-M20 -> 21 | O20: =+N20 -> 21 | P20: =+N20-O20 -> 0
B21: 12 | C21: الكهرباء | D21: الكهرباء | E21: جزم كوابل 70 ملي | F21: قطعة | G21: Cable shoes | H21: جزم كوابل 70 ملي | I21: B-7 | J21: B000012 | K21: 0 | L21: =+SUMIF('حركه المخزن الرئيسي اليوميه'!$F:$F,$H:$H,'حركه المخزن الرئيسي اليوميه'!$H:$H) -> 0 | M21: =+SUMIF('حركه المخزن الرئيسي اليوميه'!$F:$F,$H:$H,'حركه المخزن الرئيسي اليوميه'!$I:$I) -> 0 | N21: =+K21+L21-M21 -> 0 | O21: =+N21 -> 0 | P21: =+N21-O21 -> 0
B22: 13 | C22: الكهرباء | D22: الكهرباء | E22: جزم كوابل تحكم | F22: قطعة | G22: Cable shoes | H22: جزم كوابل تحكم | I22: B-7 | J22: B000013 | K22: 0 | L22: =+SUMIF('حركه المخزن الرئيسي اليوميه'!$F:$F,$H:$H,'حركه المخزن الرئيسي اليوميه'!$H:$H) -> 0 | M22: =+SUMIF('حركه المخزن الرئيسي اليوميه'!$F:$F,$H:$H,'حركه المخزن الرئيسي اليوميه'!$I:$I) -> 0 | N22: =+K22+L22-M22 -> 0 | O22: =+N22 -> 0 | P22: =+N22-O22 -> 0
B23: 14 | C23: الكهرباء | D23: الكهرباء | E23: جزم كوابل | F23: قطعة | G23: Cable shoes | H23: جزم كوابل حديد 12 -150 | I23: B-7 | J23: B000014 | K23: 0 | L23: =+SUMIF('حركه المخزن الرئيسي اليوميه'!$F:$F,$H:$H,'حركه المخزن الرئيسي اليوميه'!$H:$H) -> 0 | M23: =+SUMIF('حركه المخزن الرئيسي اليوميه'!$F:$F,$H:$H,'حركه المخزن الرئيسي اليوميه'!$I:$I) -> 0 | N23: =+K23+L23-M23 -> 0 | O23: =+N23 -> 0 | P23: =+N23-O23 -> 0
B24: 15 | C24: الكهرباء | D24: الكهرباء | E24: جزم كوابل | F24: قطعة | G24: Cable shoes | H24: جزم كوابل حديد 14-185 | I24: B-7 | J24: B000015 | K24: 0 | L24: =+SUMIF('حركه المخزن الرئيسي اليوميه'!$F:$F,$H:$H,'حركه المخزن الرئيسي اليوميه'!$H:$H) -> 0 | M24: =+SUMIF('حركه المخزن الرئيسي اليوميه'!$F:$F,$H:$H,'حركه المخزن الرئيسي اليوميه'!$I:$I) -> 0 | N24: =+K24+L24-M24 -> 0 | O24: =+N24 -> 0 | P24: =+N24-O24 -> 0
B25: 16 | C25: الكهرباء | D25: الكهرباء | E25: جزم كوابل صغيره | F25: قطعة | G25: Cable shoes | H25: جزم كوابل صغيره | I25: B-7 | J25: B000016 | K25: 0 | L25: =+SUMIF('حركه المخزن الرئيسي اليوميه'!$F:$F,$H:$H,'حركه المخزن الرئيسي اليوميه'!$H:$H) -> 0 | M25: =+SUMIF('حركه المخزن الرئيسي اليوميه'!$F:$F,$H:$H,'حركه المخزن الرئيسي اليوميه'!$I:$I) -> 0 | N25: =+K25+L25-M25 -> 0 | O25: =+N25 -> 0 | P25: =+N25-O25 -> 0
B26: 17 | C26: الكهرباء | D26: الكهرباء | E26: جزم كوابل | F26: قطعة | G26: Cable shoes | H26: جزم كوابل نحاس 16-150 | I26: B-7 | J26: B000017 | K26: 0 | L26: =+SUMIF('حركه المخزن الرئيسي اليوميه'!$F:$F,$H:$H,'حركه المخزن الرئيسي اليوميه'!$H:$H) -> 0 | M26: =+SUMIF('حركه المخزن الرئيسي اليوميه'!$F:$F,$H:$H,'حركه المخزن الرئيسي اليوميه'!$I:$I) -> 0 | N26: =+K26+L26-M26 -> 0 | O26: =+N26 -> 0 | P26: =+N26-O26 -> 0
B27: 18 | C27: الكهرباء | D27: الكهرباء | E27: جزم كوابل | F27: قطعة | G27: Cable shoes | H27: جزم كوابل نحاس 16-185 | I27: B-7 | J27: B000018 | K27: 7 | L27: =+SUMIF('حركه المخزن الرئيسي اليوميه'!$F:$F,$H:$H,'حركه المخزن الرئيسي اليوميه'!$H:$H) -> 0 | M27: =+SUMIF('حركه المخزن الرئيسي اليوميه'!$F:$F,$H:$H,'حركه المخزن الرئيسي اليوميه'!$I:$I) -> 0 | N27: =+K27+L27-M27 -> 7 | O27: =+N27 -> 7 | P27: =+N27-O27 -> 0
B28: 19 | C28: الكهرباء | D28: الكهرباء | E28: جزم كوابل | F28: قطعة | G28: Cable shoes | H28: جزم كوابل نحاس D1-25 | I28: B-7 | J28: B000019 | K28: 0 | L28: =+SUMIF('حركه المخزن الرئيسي اليوميه'!$F:$F,$H:$H,'حركه المخزن الرئيسي اليوميه'!$H:$H) -> 0 | M28: =+SUMIF('حركه المخزن الرئيسي اليوميه'!$F:$F,$H:$H,'حركه المخزن الرئيسي اليوميه'!$I:$I) -> 0 | N28: =+K28+L28-M28 -> 0 | O28: =+N28 -> 0 | P28: =+N28-O28 -> 0
B29: 20 | C29: الكهرباء | D29: الكهرباء | E29: جزم كوابل 500 ملي | F29: قطعة | G29: Cable shoes | H29: جزم كوابل 500- 20 ملي حديد | I29: B-7 | J29: B000020 | K29: 4 | L29: =+SUMIF('حركه المخزن الرئيسي اليوميه'!$F:$F,$H:$H,'حركه المخزن الرئيسي اليوميه'!$H:$H) -> 0 | M29: =+SUMIF('حركه المخزن الرئيسي اليوميه'!$F:$F,$H:$H,'حركه المخزن الرئيسي اليوميه'!$I:$I) -> 0 | N29: =+K29+L29-M29 -> 4 | O29: =+N29 -> 4 | P29: =+N29-O29 -> 0
B30: 21 | C30: الكهرباء | D30: الكهرباء | E30: جزم كوابل 95 ملم | F30: قطعة | H30: جزم كوابل 95 ملم | I30: B-7 | J30: B000021 | K30: 0 | L30: =+SUMIF('حركه المخزن الرئيسي اليوميه'!$F:$F,$H:$H,'حركه المخزن الرئيسي اليوميه'!$H:$H) -> 0 | M30: =+SUMIF('حركه المخزن الرئيسي اليوميه'!$F:$F,$H:$H,'حركه المخزن الرئيسي اليوميه'!$I:$I) -> 0 | N30: =+K30+L30-M30 -> 0 | O30: =+N30 -> 0 | P30: =+N30-O30 -> 0
B31: 22 | C31: الكهرباء | D31: الكهرباء | E31: جزم كوابل 35 ملي | F31: قطعة | G31: Cable shoes | H31: جزم كوابل 35 ملي | I31: B-7 | J31: B000022 | K31: 1 | L31: =+SUMIF('حركه المخزن الرئيسي اليوميه'!$F:$F,$H:$H,'حركه المخزن الرئيسي اليوميه'!$H:$H) -> 0 | M31: =+SUMIF('حركه المخزن الرئيسي اليوميه'!$F:$F,$H:$H,'حركه المخزن الرئيسي اليوميه'!$I:$I) -> 0 | N31: =+K31+L31-M31 -> 1 | O31: =+N31 -> 1 | P31: =+N31-O31 -> 0
B32: 23 | C32: الكهرباء | D32: المصنع | E32: مراوح ثلاجة LG مربعة (3-5)وات خارجية | F32: قطعة | G32: UOTDOOR FAN | H32: مراوح ثلاجة LG مربعة (3-5)وات خارجية | I32: B-7 | J32: B000023 | K32: 1 | L32: =+SUMIF('حركه المخزن الرئيسي اليوميه'!$F:$F,$H:$H,'حركه المخزن الرئيسي اليوميه'!$H:$H) -> 0 | M32: =+SUMIF('حركه المخزن الرئيسي اليوميه'!$F:$F,$H:$H,'حركه المخزن الرئيسي اليوميه'!$I:$I) -> 0 | N32: =+K32+L32-M32 -> 1 | O32: =+N32 -> 1 | P32: =+N32-O32 -> 0
B33: 24 | C33: الكهرباء | D33: الكهرباء | E33: بريكرسكين 200 امبير | F33: قطعة | G33: Breaker 200a | H33: بريكرسكين 200 امبير | I33: C-1 | J33: B000024 | K33: 10 | L33: =+SUMIF('حركه المخزن الرئيسي اليوميه'!$F:$F,$H:$H,'حركه المخزن الرئيسي اليوميه'!$H:$H) -> 0 | M33: =+SUMIF('حركه المخزن الرئيسي اليوميه'!$F:$F,$H:$H,'حركه المخزن الرئيسي اليوميه'!$I:$I) -> 0 | N33: =+K33+L33-M33 -> 10 | O33: =+N33 -> 10 | P33: =+N33-O33 -> 0
B34: 25 | C34: الكهرباء | D34: الكهرباء | E34: جزم كوابل 16 ملي | F34: قطعة | G34: Cable shoes | H34: جزم كوابل 16 ملي | I34: A-4 | J34: B000025 | K34: 0 | L34: =+SUMIF('حركه المخزن الرئيسي اليوميه'!$F:$F,$H:$H,'حركه المخزن الرئيسي اليوميه'!$H:$H) -> 0 | M34: =+SUMIF('حركه المخزن الرئيسي اليوميه'!$F:$F,$H:$H,'حركه المخزن الرئيسي اليوميه'!$I:$I) -> 0 | N34: =+K34+L34-M34 -> 0 | O34: =+N34 -> 0 | P34: =+N34-O34 -> 0
B35: 26 | C35: الكهرباء | D35: الكهرباء | E35: جزم كوابل 25 ملي | F35: قطعة | G35: Cable shoes | H35: جزم كوابل 25 ملي | I35: A-4 | J35: B000026 | K35: 0 | L35: =+SUMIF('حركه المخزن الرئيسي اليوميه'!$F:$F,$H:$H,'حركه المخزن الرئيسي اليوميه'!$H:$H) -> 0 | M35: =+SUMIF('حركه المخزن الرئيسي اليوميه'!$F:$F,$H:$H,'حركه المخزن الرئيسي اليوميه'!$I:$I) -> 0 | N35: =+K35+L35-M35 -> 0 | O35: =+N35 -> 0 | P35: =+N35-O35 -> 0
B36: 27 | C36: الكهرباء | D36: الكهرباء | E36: جزم كوابل 50 ملي | F36: قطعة | G36: Cable shoes | H36: جزم كوابل 50 ملي | I36: A-4 | J36: B000027 | K36: 0 | L36: =+SUMIF('حركه المخزن الرئيسي اليوميه'!$F:$F,$H:$H,'حركه المخزن الرئيسي اليوميه'!$H:$H) -> 0 | M36: =+SUMIF('حركه المخزن الرئيسي اليوميه'!$F:$F,$H:$H,'حركه المخزن الرئيسي اليوميه'!$I:$I) -> 0 | N36: =+K36+L36-M36 -> 0 | O36: =+N36 -> 0 | P36: =+N36-O36 -> 0
B37: 28 | C37: الكهرباء | D37: مولدات | E37: بطارية 12 فولت | F37: قطعة | G37: BATTREY 12V | H37: بطارية 12 فولت | I37: A-4 | J37: B000028 | K37: 0 | L37: =+SUMIF('حركه المخزن الرئيسي اليوميه'!$F:$F,$H:$H,'حركه المخزن الرئيسي اليوميه'!$H:$H) -> 0 | M37: =+SUMIF('حركه المخزن الرئيسي اليوميه'!$F:$F,$H:$H,'حركه المخزن الرئيسي اليوميه'!$I:$I) -> 0 | N37: =+K37+L37-M37 -> 0 | O37: =+N37 -> 0 | P37: =+N37-O37 -> 0
B38: 29 | C38: الكهرباء | D38: المصنع | E38: وصلة حساس (الفلتر) | F38: قطعة | G38: Filter Sensor Wire | H38: وصلة حساس (الفلتر) | I38: A-6 | J38: B000029 | K38: 16 | L38: =+SUMIF('حركه المخزن الرئيسي اليوميه'!$F:$F,$H:$H,'حركه المخزن الرئيسي اليوميه'!$H:$H) -> 0 | M38: =+SUMIF('حركه المخزن الرئيسي اليوميه'!$F:$F,$H:$H,'حركه المخزن الرئيسي اليوميه'!$I:$I) -> 1 | N38: =+K38+L38-M38 -> 15 | O38: =+N38 -> 15 | P38: =+N38-O38 -> 0
B39: 30 | C39: الكهرباء | D39: المولدات | E39: حساس ضفيرة 940-996 | F39: قطعة | H39: حساس ضفيرة 940-996 | I39: A-6 | J39: B000030 | K39: 4 | L39: =+SUMIF('حركه المخزن الرئيسي اليوميه'!$F:$F,$H:$H,'حركه المخزن الرئيسي اليوميه'!$H:$H) -> 0 | M39: =+SUMIF('حركه المخزن الرئيسي اليوميه'!$F:$F,$H:$H,'حركه المخزن الرئيسي اليوميه'!$I:$I) -> 0 | N39: =+K39+L39-M39 -> 4 | O39: =+N39 -> 4 | P39: =+N39-O39 -> 0
B40: 31 | C40: الكهرباء | D40: الكهرباء | E40: تايمر 120S | F40: قطعة | G40: Timer 90s | H40: تايمر 120S | I40: A-7 | J40: B000031 | K40: 14 | L40: =+SUMIF('حركه المخزن الرئيسي اليوميه'!$F:$F,$H:$H,'حركه المخزن الرئيسي اليوميه'!$H:$H) -> 0 | M40: =+SUMIF('حركه المخزن الرئيسي اليوميه'!$F:$F,$H:$H,'حركه المخزن الرئيسي اليوميه'!$I:$I) -> 0 | N40: =+K40+L40-M40 -> 14 | O40: =+N40 -> 14 | P40: =+N40-O40 -> 0
B41: 32 | C41: الكهرباء | D41: الكهرباء | E41: تايمر 99S | F41: قطعة | G41: TIMMER 99S | H41: تايمر 99S | I41: A-7 | J41: B000032 | K41: 20 | L41: =+SUMIF('حركه المخزن الرئيسي اليوميه'!$F:$F,$H:$H,'حركه المخزن الرئيسي اليوميه'!$H:$H) -> 0 | M41: =+SUMIF('حركه المخزن الرئيسي اليوميه'!$F:$F,$H:$H,'حركه المخزن الرئيسي اليوميه'!$I:$I) -> 0 | N41: =+K41+L41-M41 -> 20 | O41: =+N41 -> 20 | P41: =+N41-O41 -> 0
B42: 33 | C42: الكهرباء | D42: الكهرباء | E42: تايمر 0.75 | F42: قطعة | G42: TIMMER 0.75 | H42: تايمر 0.75 | I42: A-7 | J42: B000033 | K42: 5 | L42: =+SUMIF('حركه المخزن الرئيسي اليوميه'!$F:$F,$H:$H,'حركه المخزن الرئيسي اليوميه'!$H:$H) -> 0 | M42: =+SUMIF('حركه المخزن الرئيسي اليوميه'!$F:$F,$H:$H,'حركه المخزن الرئيسي اليوميه'!$I:$I) -> 0 | N42: =+K42+L42-M42 -> 5 | O42: =+N42 -> 5 | P42: =+N42-O42 -> 0
B43: 34 | C43: الكهرباء | D43: الكهرباء | E43: تايمر 220V | F43: قطعة | G43: TIMMER 90 S | H43: تايمر 220V | I43: A-7 | J43: B000034 | K43: 1 | L43: =+SUMIF('حركه المخزن الرئيسي اليوميه'!$F:$F,$H:$H,'حركه المخزن الرئيسي اليوميه'!$H:$H) -> 0 | M43: =+SUMIF('حركه المخزن الرئيسي اليوميه'!$F:$F,$H:$H,'حركه المخزن الرئيسي اليوميه'!$I:$I) -> 0 | N43: =+K43+L43-M43 -> 1 | O43: =+N43 -> 1 | P43: =+N43-O43 -> 0
B44: 35 | C44: الكهرباء | D44: الكهرباء | E44: تايمر ريلي 60s | F44: قطعة | H44: تايمر ريلي 60s | I44: A-7 | J44: B000035 | K44: 8 | L44: =+SUMIF('حركه المخزن الرئيسي اليوميه'!$F:$F,$H:$H,'حركه المخزن الرئيسي اليوميه'!$H:$H) -> 0 | M44: =+SUMIF('حركه المخزن الرئيسي اليوميه'!$F:$F,$H:$H,'حركه المخزن الرئيسي اليوميه'!$I:$I) -> 0 | N44: =+K44+L44-M44 -> 8 | O44: =+N44 -> 8 | P44: =+N44-O44 -> 0
B45: 36 | C45: الكهرباء | D45: الكهرباء | E45: تايمر 0-10 | F45: قطعة | H45: تايمر 0-10 | I45: A-7 | J45: B000036 | K45: 3 | L45: =+SUMIF('حركه المخزن الرئيسي اليوميه'!$F:$F,$H:$H,'حركه المخزن الرئيسي اليوميه'!$H:$H) -> 0 | M45: =+SUMIF('حركه المخزن الرئيسي اليوميه'!$F:$F,$H:$H,'حركه المخزن الرئيسي اليوميه'!$I:$I) -> 0 | N45: =+K45+L45-M45 -> 3 | O45: =+N45 -> 3 | P45: =+N45-O45 -> 0
B46: 37 | C46: الكهرباء | D46: الكهرباء | E46: كونتاكتر 15 KW | F46: قطعة | G46: AC CONTACTOR | H46: كونتاكتر 15 KW | I46: A-8 | J46: B000037 | K46: 34 | L46: =+SUMIF('حركه المخزن الرئيسي اليوميه'!$F:$F,$H:$H,'حركه المخزن الرئيسي اليوميه'!$H:$H) -> 0 | M46: =+SUMIF('حركه المخزن الرئيسي اليوميه'!$F:$F,$H:$H,'حركه المخزن الرئيسي اليوميه'!$I:$I) -> 0 | N46: =+K46+L46-M46 -> 34 | O46: =+N46 -> 34 | P46: =+N46-O46 -> 0
B47: 38 | C47: الكهرباء | D47: الكهرباء | E47: كونتاكتر 20KW حراري | F47: قطعة | G47: AC CONTACTOR | H47: كونتاكتر 20KW حراري | I47: A-8 | J47: B000038 | K47: 6 | L47: =+SUMIF('حركه المخزن الرئيسي اليوميه'!$F:$F,$H:$H,'حركه المخزن الرئيسي اليوميه'!$H:$H) -> 0 | M47: =+SUMIF('حركه المخزن الرئيسي اليوميه'!$F:$F,$H:$H,'حركه المخزن الرئيسي اليوميه'!$I:$I) -> 0 | N47: =+K47+L47-M47 -> 6 | O47: =+N47 -> 6 | P47: =+N47-O47 -> 0
B48: 39 | C48: الكهرباء | D48: الكهرباء | E48: كونتاكترحراري 50KW-72A | F48: قطعة | G48: AC CONTACTOR | H48: كونتاكترحراري 50KW-72A | I48: A-8 | J48: B000039 | K48: 0 | L48: =+SUMIF('حركه المخزن الرئيسي اليوميه'!$F:$F,$H:$H,'حركه المخزن الرئيسي اليوميه'!$H:$H) -> 0 | M48: =+SUMIF('حركه المخزن الرئيسي اليوميه'!$F:$F,$H:$H,'حركه المخزن الرئيسي اليوميه'!$I:$I) -> 0 | N48: =+K48+L48-M48 -> 0 | O48: =+N48 -> 0 | P48: =+N48-O48 -> 0
B49: 40 | C49: الكهرباء | D49: الكهرباء | E49: شريط كهرباء مقاوم للماء | F49: قطعة | G49: Anti-water Elec.Tape | H49: شريط كهرباء مقاوم للماء | I49: A-5 | J49: B000040 | K49: 9 | L49: =+SUMIF('حركه المخزن الرئيسي اليوميه'!$F:$F,$H:$H,'حركه المخزن الرئيسي اليوميه'!$H:$H) -> 0 | M49: =+SUMIF('حركه المخزن الرئيسي اليوميه'!$F:$F,$H:$H,'حركه المخزن الرئيسي اليوميه'!$I:$I) -> 0 | N49: =+K49+L49-M49 -> 9 | O49: =+N49 -> 9 | P49: =+N49-O49 -> 0
B50: 41 | C50: الكهرباء | D50: الكهرباء | E50: كونتاكتر 100 | F50: قطعة | G50: AC CONTACTOR | H50: كونتاكتر 100 | I50: A-9 | J50: B000041 | K50: 0 | L50: =+SUMIF('حركه المخزن الرئيسي اليوميه'!$F:$F,$H:$H,'حركه المخزن الرئيسي اليوميه'!$H:$H) -> 0 | M50: =+SUMIF('حركه المخزن الرئيسي اليوميه'!$F:$F,$H:$H,'حركه المخزن الرئيسي اليوميه'!$I:$I) -> 0 | N50: =+K50+L50-M50 -> 0 | O50: =+N50 -> 0 | P50: =+N50-O50 -> 0
B51: 42 | C51: الكهرباء | D51: الكهرباء | E51: كونتاكر 50 KW | F51: قطعة | G51: AC CONTACTOR 50 KW | H51: كونتاكر 50 KW | I51: A-9 | J51: B000042 | K51: 14 | L51: =+SUMIF('حركه المخزن الرئيسي اليوميه'!$F:$F,$H:$H,'حركه المخزن الرئيسي اليوميه'!$H:$H) -> 0 | M51: =+SUMIF('حركه المخزن الرئيسي اليوميه'!$F:$F,$H:$H,'حركه المخزن الرئيسي اليوميه'!$I:$I) -> 0 | N51: =+K51+L51-M51 -> 14 | O51: =+N51 -> 14 | P51: =+N51-O51 -> 0
B52: 43 | C52: الكهرباء | D52: الكهرباء | E52: كونتاكتر + نقاط 50KW | F52: قطعة | H52: كونتاكتر + نقاط 50KW | I52: A-9 | J52: B000043 | K52: 0 | L52: =+SUMIF('حركه المخزن الرئيسي اليوميه'!$F:$F,$H:$H,'حركه المخزن الرئيسي اليوميه'!$H:$H) -> 0 | M52: =+SUMIF('حركه المخزن الرئيسي اليوميه'!$F:$F,$H:$H,'حركه المخزن الرئيسي اليوميه'!$I:$I) -> 0 | N52: =+K52+L52-M52 -> 0 | O52: =+N52 -> 0 | P52: =+N52-O52 -> 0
B53: 44 | C53: الكهرباء | D53: الكهرباء | E53: بريكر سكين 100A | F53: قطعة | H53: بريكر سكين 100A | I53: A-9 | J53: B000044 | K53: 4 | L53: =+SUMIF('حركه المخزن الرئيسي اليوميه'!$F:$F,$H:$H,'حركه المخزن الرئيسي اليوميه'!$H:$H) -> 0 | M53: =+SUMIF('حركه المخزن الرئيسي اليوميه'!$F:$F,$H:$H,'حركه المخزن الرئيسي اليوميه'!$I:$I) -> 0 | N53: =+K53+L53-M53 -> 4 | O53: =+N53 -> 4 | P53: =+N53-O53 -> 0
B54: 45 | C54: الكهرباء | D54: الكهرباء | E54: كونتاكتر 132KW | F54: قطعة | G54: AC CONTACTOR | H54: كونتاكتر 132KW | I54: A-10 | J54: B000045 | K54: 6 | L54: =+SUMIF('حركه المخزن الرئيسي اليوميه'!$F:$F,$H:$H,'حركه المخزن الرئيسي اليوميه'!$H:$H) -> 0 | M54: =+SUMIF('حركه المخزن الرئيسي اليوميه'!$F:$F,$H:$H,'حركه المخزن الرئيسي اليوميه'!$I:$I) -> 0 | N54: =+K54+L54-M54 -> 6 | O54: =+N54 -> 6 | P54: =+N54-O54 -> 0
B55: 46 | C55: الكهرباء | D55: مولدات | E55: انجكترCH12082 | F55: قطعة | G55: Injectors | H55: CH12082 | I55: R | J55: B000046 | K55: 6 | L55: =+SUMIF('حركه المخزن الرئيسي اليوميه'!$F:$F,$H:$H,'حركه المخزن الرئيسي اليوميه'!$H:$H) -> 0 | M55: =+SUMIF('حركه المخزن الرئيسي اليوميه'!$F:$F,$H:$H,'حركه المخزن الرئيسي اليوميه'!$I:$I) -> 0 | N55: =+K55+L55-M55 -> 6 | O55: =+N55 -> 6 | P55: =+N55-O55 -> 0
B56: 47 | C56: الكهرباء | D56: الكهرباء | E56: مفتاح 2 خط | F56: قطعة | G56: SWITCH LINE 2 | H56: مفتاح 2 خط | I56: A-11 | J56: B000047 | K56: 0 | L56: =+SUMIF('حركه المخزن الرئيسي اليوميه'!$F:$F,$H:$H,'حركه المخزن الرئيسي اليوميه'!$H:$H) -> 0 | M56: =+SUMIF('حركه المخزن الرئيسي اليوميه'!$F:$F,$H:$H,'حركه المخزن الرئيسي اليوميه'!$I:$I) -> 0 | N56: =+K56+L56-M56 -> 0 | O56: =+N56 -> 0 | P56: =+N56-O56 -> 0
B57: 48 | C57: الكهرباء | D57: الكهرباء | E57: بلك 2خط | F57: قطعة | H57: بلك 2 خط 10 امبير | I57: A-11 | J57: B000048 | K57: 0 | L57: =+SUMIF('حركه المخزن الرئيسي اليوميه'!$F:$F,$H:$H,'حركه المخزن الرئيسي اليوميه'!$H:$H) -> 0 | M57: =+SUMIF('حركه المخزن الرئيسي اليوميه'!$F:$F,$H:$H,'حركه المخزن الرئيسي اليوميه'!$I:$I) -> 0 | N57: =+K57+L57-M57 -> 0 | O57: =+N57 -> 0 | P57: =+N57-O57 -> 0
B58: 49 | C58: الكهرباء | D58: الكهرباء | E58: كمبيوتر ECM | F58: قطعة | H58: كمبيوتر ECM | I58: A-11 | J58: B000049 | K58: 4 | L58: =+SUMIF('حركه المخزن الرئيسي اليوميه'!$F:$F,$H:$H,'حركه المخزن الرئيسي اليوميه'!$H:$H) -> 0 | M58: =+SUMIF('حركه المخزن الرئيسي اليوميه'!$F:$F,$H:$H,'حركه المخزن الرئيسي اليوميه'!$I:$I) -> 0 | N58: =+K58+L58-M58 -> 4 | O58: =+N58 -> 4 | P58: =+N58-O58 -> 0
B59: 50 | C59: الكهرباء | D59: الكهرباء | E59: مكثف 70 | F59: قطعة | G59: CAPSTER | H59: مكثف 70 | I59: A-12 | J59: B000050 | K59: 0 | L59: =+SUMIF('حركه المخزن الرئيسي اليوميه'!$F:$F,$H:$H,'حركه المخزن الرئيسي اليوميه'!$H:$H) -> 0 | M59: =+SUMIF('حركه المخزن الرئيسي اليوميه'!$F:$F,$H:$H,'حركه المخزن الرئيسي اليوميه'!$I:$I) -> 0 | N59: =+K59+L59-M59 -> 0 | O59: =+N59 -> 0 | P59: =+N59-O59 -> 0
B60: 51 | C60: الكهرباء | D60: الكهرباء | E60: مكثف 35+5 | F60: قطعة | G60: CAPSTER | H60: مكثف 35+5 | I60: A-12 | J60: B000051 | K60: 15 | L60: =+SUMIF('حركه المخزن الرئيسي اليوميه'!$F:$F,$H:$H,'حركه المخزن الرئيسي اليوميه'!$H:$H) -> 0 | M60: =+SUMIF('حركه المخزن الرئيسي اليوميه'!$F:$F,$H:$H,'حركه المخزن الرئيسي اليوميه'!$I:$I) -> 0 | N60: =+K60+L60-M60 -> 15 | O60: =+N60 -> 15 | P60: =+N60-O60 -> 0
B61: 52 | C61: الكهرباء | D61: الكهرباء | E61: مكثف 350+400 | F61: قطعة | G61: CAPSTER | H61: مكثف 350+400 | I61: A-12 | J61: B000052 | K61: 0 | L61: =+SUMIF('حركه المخزن الرئيسي اليوميه'!$F:$F,$H:$H,'حركه المخزن الرئيسي اليوميه'!$H:$H) -> 0 | M61: =+SUMIF('حركه المخزن الرئيسي اليوميه'!$F:$F,$H:$H,'حركه المخزن الرئيسي اليوميه'!$I:$I) -> 0 | N61: =+K61+L61-M61 -> 0 | O61: =+N61 -> 0 | P61: =+N61-O61 -> 0
B62: 53 | C62: الكهرباء | D62: الكهرباء | E62: مكثف 55+5 | F62: قطعة | G62: CAPSTER | H62: مكثف 55+5 | I62: A-12 | J62: B000053 | K62: 17 | L62: =+SUMIF('حركه المخزن الرئيسي اليوميه'!$F:$F,$H:$H,'حركه المخزن الرئيسي اليوميه'!$H:$H) -> 0 | M62: =+SUMIF('حركه المخزن الرئيسي اليوميه'!$F:$F,$H:$H,'حركه المخزن الرئيسي اليوميه'!$I:$I) -> 0 | N62: =+K62+L62-M62 -> 17 | O62: =+N62 -> 17 | P62: =+N62-O62 -> 0
B63: 54 | C63: الكهرباء | D63: الكهرباء | E63: مكثف 65+5 | F63: قطعه | H63: مكثف 65+5 | I63: A-12 | J63: B000054 | K63: 0 | L63: =+SUMIF('حركه المخزن الرئيسي اليوميه'!$F:$F,$H:$H,'حركه المخزن الرئيسي اليوميه'!$H:$H) -> 0 | M63: =+SUMIF('حركه المخزن الرئيسي اليوميه'!$F:$F,$H:$H,'حركه المخزن الرئيسي اليوميه'!$I:$I) -> 0 | N63: =+K63+L63-M63 -> 0 | O63: =+N63 -> 0 | P63: =+N63-O63 -> 0
B64: 55 | C64: الكهرباء | D64: الكهرباء | E64: مكثف 60+5 | F64: قطعه | H64: مكثف 60+5 | I64: A-12 | J64: B000055 | K64: 10 | L64: =+SUMIF('حركه المخزن الرئيسي اليوميه'!$F:$F,$H:$H,'حركه المخزن الرئيسي اليوميه'!$H:$H) -> 0 | M64: =+SUMIF('حركه المخزن الرئيسي اليوميه'!$F:$F,$H:$H,'حركه المخزن الرئيسي اليوميه'!$I:$I) -> 0 | N64: =+K64+L64-M64 -> 10 | O64: =+N64 -> 10 | P64: =+N64-O64 -> 0
B65: 56 | C65: الكهرباء | D65: الكهرباء | E65: مكثف -300 - 250 | F65: قطعه | G65: CAPSETER 250 | H65: مكثف -300 - 250 | I65: A-12 | J65: B000056 | K65: 0 | L65: =+SUMIF('حركه المخزن الرئيسي اليوميه'!$F:$F,$H:$H,'حركه المخزن الرئيسي اليوميه'!$H:$H) -> 0 | M65: =+SUMIF('حركه المخزن الرئيسي اليوميه'!$F:$F,$H:$H,'حركه المخزن الرئيسي اليوميه'!$I:$I) -> 0 | N65: =+K65+L65-M65 -> 0 | O65: =+N65 -> 0 | P65: =+N65-O65 -> 0
B66: 57 | C66: الكهرباء | D66: الكهرباء | E66: مكثف 10 | F66: قطعة | G66: Capacitor 10 | H66: مكثف 10 | I66: A-12 | J66: B000057 | K66: 0 | L66: =+SUMIF('حركه المخزن الرئيسي اليوميه'!$F:$F,$H:$H,'حركه المخزن الرئيسي اليوميه'!$H:$H) -> 0 | M66: =+SUMIF('حركه المخزن الرئيسي اليوميه'!$F:$F,$H:$H,'حركه المخزن الرئيسي اليوميه'!$I:$I) -> 0 | N66: =+K66+L66-M66 -> 0 | O66: =+N66 -> 0 | P66: =+N66-O66 -> 0
B67: 58 | C67: الكهرباء | D67: الكهرباء | E67: مكثف 20 | F67: قطعة | G67: CAPSTER | H67: مكثف 20 | I67: A-12 | J67: B000058 | K67: 0 | L67: =+SUMIF('حركه المخزن الرئيسي اليوميه'!$F:$F,$H:$H,'حركه المخزن الرئيسي اليوميه'!$H:$H) -> 0 | M67: =+SUMIF('حركه المخزن الرئيسي اليوميه'!$F:$F,$H:$H,'حركه المخزن الرئيسي اليوميه'!$I:$I) -> 0 | N67: =+K67+L67-M67 -> 0 | O67: =+N67 -> 0 | P67: =+N67-O67 -> 0
B68: 59 | C68: الكهرباء | D68: الكهرباء | E68: مكثف 60 | F68: قطعة | G68: CAPSTER | H68: مكثف 60 | I68: A-12 | J68: B000059 | K68: 0 | L68: =+SUMIF('حركه المخزن الرئيسي اليوميه'!$F:$F,$H:$H,'حركه المخزن الرئيسي اليوميه'!$H:$H) -> 0 | M68: =+SUMIF('حركه المخزن الرئيسي اليوميه'!$F:$F,$H:$H,'حركه المخزن الرئيسي اليوميه'!$I:$I) -> 0 | N68: =+K68+L68-M68 -> 0 | O68: =+N68 -> 0 | P68: =+N68-O68 -> 0
B69: 60 | C69: الكهرباء | D69: الكهرباء | E69: مكثف 80 | F69: قطعة | G69: CAPSTER | H69: مكثف 80 | I69: A-12 | J69: B000060 | K69: 10 | L69: =+SUMIF('حركه المخزن الرئيسي اليوميه'!$F:$F,$H:$H,'حركه المخزن الرئيسي اليوميه'!$H:$H) -> 0 | M69: =+SUMIF('حركه المخزن الرئيسي اليوميه'!$F:$F,$H:$H,'حركه المخزن الرئيسي اليوميه'!$I:$I) -> 0 | N69: =+K69+L69-M69 -> 10 | O69: =+N69 -> 10 | P69: =+N69-O69 -> 0
B70: 61 | C70: الكهرباء | D70: الكهرباء | E70: ثيرموستات الفرن | F70: قطعة | G70: THERMOSTATE | H70: ثيرموستات الفرن | I70: A-12 | J70: B000061 | K70: 11 | L70: =+SUMIF('حركه المخزن الرئيسي اليوميه'!$F:$F,$H:$H,'حركه المخزن الرئيسي اليوميه'!$H:$H) -> 0 | M70: =+SUMIF('حركه المخزن الرئيسي اليوميه'!$F:$F,$H:$H,'حركه المخزن الرئيسي اليوميه'!$I:$I) -> 0 | N70: =+K70+L70-M70 -> 11 | O70: =+N70 -> 11 | P70: =+N70-O70 -> 0
B71: 62 | C71: الكهرباء | D71: الكهرباء | E71: مكثف 50 | F71: قطعة | G71: Capacitor 50 | H71: مكثف 50 | I71: A-12 | J71: B000062 | K71: 9 | L71: =+SUMIF('حركه المخزن الرئيسي اليوميه'!$F:$F,$H:$H,'حركه المخزن الرئيسي اليوميه'!$H:$H) -> 0 | M71: =+SUMIF('حركه المخزن الرئيسي اليوميه'!$F:$F,$H:$H,'حركه المخزن الرئيسي اليوميه'!$I:$I) -> 0 | N71: =+K71+L71-M71 -> 9 | O71: =+N71 -> 9 | P71: =+N71-O71 -> 0
B72: 63 | C72: الكهرباء | D72: الكهرباء | E72: سكين بريكر | F72: قطعة | H72: سكين بريكر | I72: A-13 | J72: B000063 | K72: 2 | L72: =+SUMIF('حركه المخزن الرئيسي اليوميه'!$F:$F,$H:$H,'حركه المخزن الرئيسي اليوميه'!$H:$H) -> 0 | M72: =+SUMIF('حركه المخزن الرئيسي اليوميه'!$F:$F,$H:$H,'حركه المخزن الرئيسي اليوميه'!$I:$I) -> 0 | N72: =+K72+L72-M72 -> 2 | O72: =+N72 -> 2 | P72: =+N72-O72 -> 0
B73: 64 | C73: الكهرباء | D73: الخلية | E73: لوحات الكترونية (فرن الصهر) | F73: قطعة | G73: Electronic Plate | H73: لوحات الكترونية (فرن الصهر) | I73: A-13 | J73: B000064 | K73: 4 | L73: =+SUMIF('حركه المخزن الرئيسي اليوميه'!$F:$F,$H:$H,'حركه المخزن الرئيسي اليوميه'!$H:$H) -> 0 | M73: =+SUMIF('حركه المخزن الرئيسي اليوميه'!$F:$F,$H:$H,'حركه المخزن الرئيسي اليوميه'!$I:$I) -> 0 | N73: =+K73+L73-M73 -> 4 | O73: =+N73 -> 4 | P73: =+N73-O73 -> 0
B74: 65 | C74: الكهرباء | D74: الكهرباء | E74: كونتاكتر KW 85/220V | F74: قطعة | G74: AC CONTACTOR | H74: كونتاكتر KW 85/220V | I74: A-14 | J74: B000065 | K74: 22 | L74: =+SUMIF('حركه المخزن الرئيسي اليوميه'!$F:$F,$H:$H,'حركه المخزن الرئيسي اليوميه'!$H:$H) -> 0 | M74: =+SUMIF('حركه المخزن الرئيسي اليوميه'!$F:$F,$H:$H,'حركه المخزن الرئيسي اليوميه'!$I:$I) -> 0 | N74: =+K74+L74-M74 -> 22 | O74: =+N74 -> 22 | P74: =+N74-O74 -> 0
B75: 66 | C75: الكهرباء | D75: الكهرباء | E75: كونتاكتر 4KW | F75: قطعة | G75: AC CONTACTOR | H75: كونتاكتر 4KW | I75: A-16 | J75: B000066 | K75: 0 | L75: =+SUMIF('حركه المخزن الرئيسي اليوميه'!$F:$F,$H:$H,'حركه المخزن الرئيسي اليوميه'!$H:$H) -> 0 | M75: =+SUMIF('حركه المخزن الرئيسي اليوميه'!$F:$F,$H:$H,'حركه المخزن الرئيسي اليوميه'!$I:$I) -> 0 | N75: =+K75+L75-M75 -> 0 | O75: =+N75 -> 0 | P75: =+N75-O75 -> 0
B76: 67 | C76: الكهرباء | D76: الكهرباء | E76: كونتاكتر 22KW | F76: قطعة | G76: AC CONTACTOR 22 KW | H76: كونتاكتر 22KW | I76: A-14 | J76: B000067 | K76: 14 | L76: =+SUMIF('حركه المخزن الرئيسي اليوميه'!$F:$F,$H:$H,'حركه المخزن الرئيسي اليوميه'!$H:$H) -> 0 | M76: =+SUMIF('حركه المخزن الرئيسي اليوميه'!$F:$F,$H:$H,'حركه المخزن الرئيسي اليوميه'!$I:$I) -> 0 | N76: =+K76+L76-M76 -> 14 | O76: =+N76 -> 14 | P76: =+N76-O76 -> 0
B77: 68 | C77: الكهرباء | D77: المصنع | E77: كونتاكتر 5.5 KW | F77: قطعه | G77: AC CONTACTOR | H77: كونتاكتر 5.5 KW | I77: A-16 | J77: B000068 | K77: 0 | L77: =+SUMIF('حركه المخزن الرئيسي اليوميه'!$F:$F,$H:$H,'حركه المخزن الرئيسي اليوميه'!$H:$H) -> 0 | M77: =+SUMIF('حركه المخزن الرئيسي اليوميه'!$F:$F,$H:$H,'حركه المخزن الرئيسي اليوميه'!$I:$I) -> 0 | N77: =+K77+L77-M77 -> 0 | O77: =+N77 -> 0 | P77: =+N77-O77 -> 0
B78: 69 | C78: الكهرباء | D78: الكهرباء | E78: كونتاكتر 10KW حراري | F78: قطعة | G78: AC CONTACTOR | H78: كونتاكتر 10KW حراري | I78: A-14 | J78: B000069 | K78: 18 | L78: =+SUMIF('حركه المخزن الرئيسي اليوميه'!$F:$F,$H:$H,'حركه المخزن الرئيسي اليوميه'!$H:$H) -> 0 | M78: =+SUMIF('حركه المخزن الرئيسي اليوميه'!$F:$F,$H:$H,'حركه المخزن الرئيسي اليوميه'!$I:$I) -> 0 | N78: =+K78+L78-M78 -> 18 | O78: =+N78 -> 18 | P78: =+N78-O78 -> 0
B79: 70 | C79: الكهرباء | D79: الكهرباء | E79: كونتاكتر 11KW | F79: قطعة | G79: AC CONTACTOR | H79: كونتاكتر 11KW | I79: A-16 | J79: B000070 | K79: 53 | L79: =+SUMIF('حركه المخزن الرئيسي اليوميه'!$F:$F,$H:$H,'حركه المخزن الرئيسي اليوميه'!$H:$H) -> 0 | M79: =+SUMIF('حركه المخزن الرئيسي اليوميه'!$F:$F,$H:$H,'حركه المخزن الرئيسي اليوميه'!$I:$I) -> 0 | N79: =+K79+L79-M79 -> 53 | O79: =+N79 -> 53 | P79: =+N79-O79 -> 0
B80: 71 | C80: الكهرباء | D80: الكهرباء | E80: كونتاكتر 7.5 KW | F80: قطعة | G80: AC CONTACTOR 7.5 KW | H80: كونتاكتر 7.5 KW | I80: A-16 | J80: B000071 | K80: 42 | L80: =+SUMIF('حركه المخزن الرئيسي اليوميه'!$F:$F,$H:$H,'حركه المخزن الرئيسي اليوميه'!$H:$H) -> 0 | M80: =+SUMIF('حركه المخزن الرئيسي اليوميه'!$F:$F,$H:$H,'حركه المخزن الرئيسي اليوميه'!$I:$I) -> 0 | N80: =+K80+L80-M80 -> 42 | O80: =+N80 -> 42 | P80: =+N80-O80 -> 0
B81: 72 | C81: الكهرباء | D81: الكهرباء | E81: ثارثتر ( تراياك ) | F81: قطعة | G81: TIMMER 0.75 | H81: ثارثتر ( تراياك ) | I81: A-17 | J81: B000072 | K81: 2 | L81: =+SUMIF('حركه المخزن الرئيسي اليوميه'!$F:$F,$H:$H,'حركه المخزن الرئيسي اليوميه'!$H:$H) -> 0 | M81: =+SUMIF('حركه المخزن الرئيسي اليوميه'!$F:$F,$H:$H,'حركه المخزن الرئيسي اليوميه'!$I:$I) -> 0 | N81: =+K81+L81-M81 -> 2 | O81: =+N81 -> 2 | P81: =+N81-O81 -> 0
B82: 73 | C82: الكهرباء | D82: المصنع | E82: طلمبه جاز CH10340 مولد 660 | F82: قطعه | G82: Genset Fuel Pump KRP1721 | H82: طلمبه جاز CH10340 مولد 660 | I82: A-13 | J82: B000073 | K82: 4 | L82: =+SUMIF('حركه المخزن الرئيسي اليوميه'!$F:$F,$H:$H,'حركه المخزن الرئيسي اليوميه'!$H:$H) -> 0 | M82: =+SUMIF('حركه المخزن الرئيسي اليوميه'!$F:$F,$H:$H,'حركه المخزن الرئيسي اليوميه'!$I:$I) -> 0 | N82: =+K82+L82-M82 -> 4 | O82: =+N82 -> 4 | P82: =+N82-O82 -> 0
B83: 74 | C83: الكهرباء | D83: الكهرباء | E83: بريكر 32 امبير | F83: قطعة | G83: SEAL | H83: بريكر 32 امبير | I83: A-17 | J83: B000074 | K83: 32 | L83: =+SUMIF('حركه المخزن الرئيسي اليوميه'!$F:$F,$H:$H,'حركه المخزن الرئيسي اليوميه'!$H:$H) -> 0 | M83: =+SUMIF('حركه المخزن الرئيسي اليوميه'!$F:$F,$H:$H,'حركه المخزن الرئيسي اليوميه'!$I:$I) -> 0 | N83: =+K83+L83-M83 -> 32 | O83: =+N83 -> 32 | P83: =+N83-O83 -> 0
B84: 75 | C84: الكهرباء | D84: الكهرباء | E84: كونتاكتر 30KW | F84: قطعة | G84: AC CONTACTOR | H84: كونتاكتر 30KW | I84: A-18+R | J84: B000075 | K84: 54 | L84: =+SUMIF('حركه المخزن الرئيسي اليوميه'!$F:$F,$H:$H,'حركه المخزن الرئيسي اليوميه'!$H:$H) -> 0 | M84: =+SUMIF('حركه المخزن الرئيسي اليوميه'!$F:$F,$H:$H,'حركه المخزن الرئيسي اليوميه'!$I:$I) -> 0 | N84: =+K84+L84-M84 -> 54 | O84: =+N84 -> 54 | P84: =+N84-O84 -> 0
B85: 76 | C85: الكهرباء | D85: مولدات | E85: شاشات مولد660 | F85: قطعة | H85: شاشات مولد | I85: B-1 | J85: B000076 | K85: 8 | L85: =+SUMIF('حركه المخزن الرئيسي اليوميه'!$F:$F,$H:$H,'حركه المخزن الرئيسي اليوميه'!$H:$H) -> 0 | M85: =+SUMIF('حركه المخزن الرئيسي اليوميه'!$F:$F,$H:$H,'حركه المخزن الرئيسي اليوميه'!$I:$I) -> 0 | N85: =+K85+L85-M85 -> 8 | O85: =+N85 -> 8 | P85: =+N85-O85 -> 0
B86: 77 | C86: الكهرباء | D86: مولدات | E86: منظم الجهد V 12 AVR | F86: قطعة | H86: 9130-009-00 - R 450 | I86: B-1 | J86: B000077 | K86: 5 | L86: =+SUMIF('حركه المخزن الرئيسي اليوميه'!$F:$F,$H:$H,'حركه المخزن الرئيسي اليوميه'!$H:$H) -> 0 | M86: =+SUMIF('حركه المخزن الرئيسي اليوميه'!$F:$F,$H:$H,'حركه المخزن الرئيسي اليوميه'!$I:$I) -> 0 | N86: =+K86+L86-M86 -> 5 | O86: =+N86 -> 5 | P86: =+N86-O86 -> 0
B87: 78 | C87: الكهرباء | D87: مولدات | E87: AVR 120 منظم جهد | F87: قطعة | G87: AVR 120 | H87: AVR 120 | I87: B-1 | J87: B000078 | K87: 3 | L87: =+SUMIF('حركه المخزن الرئيسي اليوميه'!$F:$F,$H:$H,'حركه المخزن الرئيسي اليوميه'!$H:$H) -> 0 | M87: =+SUMIF('حركه المخزن الرئيسي اليوميه'!$F:$F,$H:$H,'حركه المخزن الرئيسي اليوميه'!$I:$I) -> 0 | N87: =+K87+L87-M87 -> 3 | O87: =+N87 -> 3 | P87: =+N87-O87 -> 0
B88: 79 | C88: الكهرباء | D88: الكهرباء | E88: اميتر 75-0 | F88: قطعة | G88: Bearing | H88: اميتر75/5 امبير | I88: B-2 | J88: B000079 | K88: 2 | L88: =+SUMIF('حركه المخزن الرئيسي اليوميه'!$F:$F,$H:$H,'حركه المخزن الرئيسي اليوميه'!$H:$H) -> 0 | M88: =+SUMIF('حركه المخزن الرئيسي اليوميه'!$F:$F,$H:$H,'حركه المخزن الرئيسي اليوميه'!$I:$I) -> 0 | N88: =+K88+L88-M88 -> 2 | O88: =+N88 -> 2 | P88: =+N88-O88 -> 0
B89: 80 | C89: الكهرباء | D89: الكهرباء | E89: اميتر 300/5 امبير | F89: قطعة | G89: CABLE | H89: اميتر 300/5 امبير | I89: B-2 | J89: B000080 | K89: 1 | L89: =+SUMIF('حركه المخزن الرئيسي اليوميه'!$F:$F,$H:$H,'حركه المخزن الرئيسي اليوميه'!$H:$H) -> 0 | M89: =+SUMIF('حركه المخزن الرئيسي اليوميه'!$F:$F,$H:$H,'حركه المخزن الرئيسي اليوميه'!$I:$I) -> 0 | N89: =+K89+L89-M89 -> 1 | O89: =+N89 -> 1 | P89: =+N89-O89 -> 0
B90: 81 | C90: الكهرباء | D90: الكهرباء | E90: اميتر 600/5 امبير | F90: قطعة | G90: CABLE | H90: اميتر 600/5 امبير | I90: B - 2 | J90: B000081 | K90: 4 | L90: =+SUMIF('حركه المخزن الرئيسي اليوميه'!$F:$F,$H:$H,'حركه المخزن الرئيسي اليوميه'!$H:$H) -> 0 | M90: =+SUMIF('حركه المخزن الرئيسي اليوميه'!$F:$F,$H:$H,'حركه المخزن الرئيسي اليوميه'!$I:$I) -> 0 | N90: =+K90+L90-M90 -> 4 | O90: =+N90 -> 4 | P90: =+N90-O90 -> 0
B91: 82 | C91: الكهرباء | D91: الكهرباء | E91: اميتر 750/5 امبير | F91: قطعة | G91: CABLE | H91: اميتر 750/5 امبير | I91: B - 2 | J91: B000082 | K91: 1 | L91: =+SUMIF('حركه المخزن الرئيسي اليوميه'!$F:$F,$H:$H,'حركه المخزن الرئيسي اليوميه'!$H:$H) -> 0 | M91: =+SUMIF('حركه المخزن الرئيسي اليوميه'!$F:$F,$H:$H,'حركه المخزن الرئيسي اليوميه'!$I:$I) -> 0 | N91: =+K91+L91-M91 -> 1 | O91: =+N91 -> 1 | P91: =+N91-O91 -> 0
B92: 83 | C92: الكهرباء | D92: الكهرباء | E92: اميتر 800/5 امبير | F92: قطعة | G92: Fuelrume | H92: اميتر 800/5 امبير | I92: B-2 | J92: B000083 | K92: 0 | L92: =+SUMIF('حركه المخزن الرئيسي اليوميه'!$F:$F,$H:$H,'حركه المخزن الرئيسي اليوميه'!$H:$H) -> 0 | M92: =+SUMIF('حركه المخزن الرئيسي اليوميه'!$F:$F,$H:$H,'حركه المخزن الرئيسي اليوميه'!$I:$I) -> 0 | N92: =+K92+L92-M92 -> 0 | O92: =+N92 -> 0 | P92: =+N92-O92 -> 0
B93: 84 | C93: الكهرباء | D93: الكهرباء | E93: اميتر كبير 5 امبير 220 V | F93: قطعة | G93: SQUARE PIPE | H93: اميتر كبير 5 امبير 220 V | I93: B-2 | J93: B000084 | K93: 7 | L93: =+SUMIF('حركه المخزن الرئيسي اليوميه'!$F:$F,$H:$H,'حركه المخزن الرئيسي اليوميه'!$H:$H) -> 0 | M93: =+SUMIF('حركه المخزن الرئيسي اليوميه'!$F:$F,$H:$H,'حركه المخزن الرئيسي اليوميه'!$I:$I) -> 0 | N93: =+K93+L93-M93 -> 7 | O93: =+N93 -> 7 | P93: =+N93-O93 -> 0
B94: 85 | C94: الكهرباء | D94: المصنع | E94: طلمبه جاز KRP1721 مولد 660 | F94: قطعه | G94: Genset Fuel Pump KRP1721 | H94: طلمبه جاز KRP1721 مولد 660 | I94: B-3 | J94: B000085 | K94: 4 | L94: =+SUMIF('حركه المخزن الرئيسي اليوميه'!$F:$F,$H:$H,'حركه المخزن الرئيسي اليوميه'!$H:$H) -> 0 | M94: =+SUMIF('حركه المخزن الرئيسي اليوميه'!$F:$F,$H:$H,'حركه المخزن الرئيسي اليوميه'!$I:$I) -> 0 | N94: =+K94+L94-M94 -> 4 | O94: =+N94 -> 4 | P94: =+N94-O94 -> 0
B95: 86 | C95: الكهرباء | D95: المصنع | E95: حساس (الفلتر) | F95: قطعة | G95: Filter Sensor | H95: حساس (الفلتر) | I95: B-3 | J95: B000086 | K95: 0 | L95: =+SUMIF('حركه المخزن الرئيسي اليوميه'!$F:$F,$H:$H,'حركه المخزن الرئيسي اليوميه'!$H:$H) -> 0 | M95: =+SUMIF('حركه المخزن الرئيسي اليوميه'!$F:$F,$H:$H,'حركه المخزن الرئيسي اليوميه'!$I:$I) -> 0 | N95: =+K95+L95-M95 -> 0 | O95: =+N95 -> 0 | P95: =+N95-O95 -> 0
B96: 87 | C96: الكهرباء | D96: المصنع | E96: محول ( ملفات كهرباء ) طبلون البلور | F96: قطعة | H96: محول ( ملفات كهرباء ) طبلون البلور | I96: B-3 | J96: B000087 | K96: 1 | L96: =+SUMIF('حركه المخزن الرئيسي اليوميه'!$F:$F,$H:$H,'حركه المخزن الرئيسي اليوميه'!$H:$H) -> 0 | M96: =+SUMIF('حركه المخزن الرئيسي اليوميه'!$F:$F,$H:$H,'حركه المخزن الرئيسي اليوميه'!$I:$I) -> 0 | N96: =+K96+L96-M96 -> 1 | O96: =+N96 -> 1 | P96: =+N96-O96 -> 0
B97: 88 | C97: الكهرباء | D97: الكهرباء | E97: موتور شحن 220V | F97: قطعة | G97: MOTOR CHARGE 220V | H97: موتور شحن 220V | I97: E-15 | J97: B000088 | K97: 1 | L97: =+SUMIF('حركه المخزن الرئيسي اليوميه'!$F:$F,$H:$H,'حركه المخزن الرئيسي اليوميه'!$H:$H) -> 0 | M97: =+SUMIF('حركه المخزن الرئيسي اليوميه'!$F:$F,$H:$H,'حركه المخزن الرئيسي اليوميه'!$I:$I) -> 0 | N97: =+K97+L97-M97 -> 1 | O97: =+N97 -> 1 | P97: =+N97-O97 -> 0
B98: 89 | C98: الكهرباء | D98: مولدات | E98: استارت ريلي 100/24, 0718 | F98: قطعة | G98: Start Relay | H98: استارت ريلي 100/24, 0718 | I98: B-3 | J98: B000089 | K98: 8 | L98: =+SUMIF('حركه المخزن الرئيسي اليوميه'!$F:$F,$H:$H,'حركه المخزن الرئيسي اليوميه'!$H:$H) -> 0 | M98: =+SUMIF('حركه المخزن الرئيسي اليوميه'!$F:$F,$H:$H,'حركه المخزن الرئيسي اليوميه'!$I:$I) -> 0 | N98: =+K98+L98-M98 -> 8 | O98: =+N98 -> 8 | P98: =+N98-O98 -> 0
B99: 90 | C99: الكهرباء | D99: الكهرباء | E99: استارتر 7 kw | F99: قطعة | G99: SATRTOR 65W | H99: استارتر kw 7 | I99: B-3 | J99: B000090 | K99: 1 | L99: =+SUMIF('حركه المخزن الرئيسي اليوميه'!$F:$F,$H:$H,'حركه المخزن الرئيسي اليوميه'!$H:$H) -> 0 | M99: =+SUMIF('حركه المخزن الرئيسي اليوميه'!$F:$F,$H:$H,'حركه المخزن الرئيسي اليوميه'!$I:$I) -> 0 | N99: =+K99+L99-M99 -> 1 | O99: =+N99 -> 1 | P99: =+N99-O99 -> 0
B100: 91 | C100: الكهرباء | D100: الكهرباء | E100: ريلى 10 امبير 24 v | F100: قطعة | G100: RELLY 10A 24V | H100: ريلى 10 امبير 24 v | I100: B-3 | J100: B000091 | K100: 29 | L100: =+SUMIF('حركه المخزن الرئيسي اليوميه'!$F:$F,$H:$H,'حركه المخزن الرئيسي اليوميه'!$H:$H) -> 0 | M100: =+SUMIF('حركه المخزن الرئيسي اليوميه'!$F:$F,$H:$H,'حركه المخزن الرئيسي اليوميه'!$I:$I) -> 0 | N100: =+K100+L100-M100 -> 29 | O100: =+N100 -> 29 | P100: =+N100-O100 -> 0
B101: 92 | C101: الكهرباء | D101: الكهرباء | E101: ريلى ستة ارجل 220V | F101: قطعة | G101: RELLY 220VDC (6) | H101: ريلى ستة ارجل 220V | I101: B-3 | J101: B000092 | K101: 0 | L101: =+SUMIF('حركه المخزن الرئيسي اليوميه'!$F:$F,$H:$H,'حركه المخزن الرئيسي اليوميه'!$H:$H) -> 0 | M101: =+SUMIF('حركه المخزن الرئيسي اليوميه'!$F:$F,$H:$H,'حركه المخزن الرئيسي اليوميه'!$I:$I) -> 0 | N101: =+K101+L101-M101 -> 0 | O101: =+N101 -> 0 | P101: =+N101-O101 -> 0
B102: 93 | C102: الكهرباء | D102: الكهرباء | E102: ريلي 10 امبير 12 v | F102: قطعه | G102: RELLY 10A /12V | H102: ريلي 10 امبير 12 v | I102: E-11 | J102: B000093 | K102: 1 | L102: =+SUMIF('حركه المخزن الرئيسي اليوميه'!$F:$F,$H:$H,'حركه المخزن الرئيسي اليوميه'!$H:$H) -> 0 | M102: =+SUMIF('حركه المخزن الرئيسي اليوميه'!$F:$F,$H:$H,'حركه المخزن الرئيسي اليوميه'!$I:$I) -> 0 | N102: =+K102+L102-M102 -> 1 | O102: =+N102 -> 1 | P102: =+N102-O102 -> 0
B103: 94 | C103: الكهرباء | D103: الكهرباء | E103: ريلي دوارة 12 فولت | F103: قطعه | H103: ريلي دوارة 12 فولت | I103: B-3 | J103: B000094 | K103: 3 | L103: =+SUMIF('حركه المخزن الرئيسي اليوميه'!$F:$F,$H:$H,'حركه المخزن الرئيسي اليوميه'!$H:$H) -> 0 | M103: =+SUMIF('حركه المخزن الرئيسي اليوميه'!$F:$F,$H:$H,'حركه المخزن الرئيسي اليوميه'!$I:$I) -> 0 | N103: =+K103+L103-M103 -> 3 | O103: =+N103 -> 3 | P103: =+N103-O103 -> 0
B104: 95 | C104: الكهرباء | D104: الكهرباء | E104: ريلي 12 ECU فولت | F104: قطعه | H104: ريلي 12 ECU فولت | I104: B-3 | J104: B000095 | K104: 2 | L104: =+SUMIF('حركه المخزن الرئيسي اليوميه'!$F:$F,$H:$H,'حركه المخزن الرئيسي اليوميه'!$H:$H) -> 0 | M104: =+SUMIF('حركه المخزن الرئيسي اليوميه'!$F:$F,$H:$H,'حركه المخزن الرئيسي اليوميه'!$I:$I) -> 0 | N104: =+K104+L104-M104 -> 2 | O104: =+N104 -> 2 | P104: =+N104-O104 -> 0
...

Sheet الرئيسي يناير 2026
M2: يناير 2026
B4: 337
E6: شركة اورشاب لتعدين الذهب
E7: المخازن 2025
K8: الكمية | R8: كرت
B9: متسلسل | C9: المخزن | D9: القسم | E9: اسم الصنف عربي | F9: الوحدة | G9: اسم الصنف E | H9: رقم الصنف | I9: الرف - الصندوق | J9: كود الصنف | K9: الرصيد الافتتاحي | L9: الوارد | M9: المنصرف | N9: الرصيد الحالي | O9: فعلي | P9: الجرد | Q9: فعلي
B10: 1 | C10: A | D10: المصنع | E10: اسيال عادية | F10: قطعة | G10: SEAL | H10: اسيال عادية | I10: A-0-2 | J10: A000001 | K10: 0 | L10: =+SUMIF('حركه المخزن الرئيسي اليوميه'!$F:$F,$H:$H,'حركه المخزن الرئيسي اليوميه'!$H:$H) -> 0 | M10: =+SUMIF('حركه المخزن الرئيسي اليوميه'!$F:$F,$H:$H,'حركه المخزن الرئيسي اليوميه'!$I:$I) -> 0 | N10: =+K10+L10-M10 -> 0 | O10: =+N10 -> 0 | P10: =+N10-O10 -> 0
B11: 2 | C11: A | D11: المصنع | E11: اوشاش ربر | F11: قطعة | G11: RUBBER GASKET | H11: اوشاش ربر مقاسات مختلفة | I11: A-0-5 | J11: A000002 | K11: 10 | L11: =+SUMIF('حركه المخزن الرئيسي اليوميه'!$F:$F,$H:$H,'حركه المخزن الرئيسي اليوميه'!$H:$H) -> 0 | M11: =+SUMIF('حركه المخزن الرئيسي اليوميه'!$F:$F,$H:$H,'حركه المخزن الرئيسي اليوميه'!$I:$I) -> 0 | N11: =+K11+L11-M11 -> 10 | O11: =+N11 -> 10 | P11: =+N11-O11 -> 0
B12: 3 | C12: A | D12: المصنع | E12: اوشاش توفلن | F12: قطعة | G12: Nylonpin | H12: اوشاش توفلن مقاسات مختلفة | I12: A-0-6 | J12: A000003 | K12: 91 | L12: =+SUMIF('حركه المخزن الرئيسي اليوميه'!$F:$F,$H:$H,'حركه المخزن الرئيسي اليوميه'!$H:$H) -> 0 | M12: =+SUMIF('حركه المخزن الرئيسي اليوميه'!$F:$F,$H:$H,'حركه المخزن الرئيسي اليوميه'!$I:$I) -> 0 | N12: =+K12+L12-M12 -> 91 | O12: =+N12 -> 91 | P12: =+N12-O12 -> 0
B13: 4 | C13: A | D13: المصنع | E13: سير B - 57 | F13: قطعة | G13: V- Belt | H13: سير B - 57 | I13: A-0-8 | J13: A000004 | K13: 0 | L13: =+SUMIF('حركه المخزن الرئيسي اليوميه'!$F:$F,$H:$H,'حركه المخزن الرئيسي اليوميه'!$H:$H) -> 0 | M13: =+SUMIF('حركه المخزن الرئيسي اليوميه'!$F:$F,$H:$H,'حركه المخزن الرئيسي اليوميه'!$I:$I) -> 0 | N13: =+K13+L13-M13 -> 0 | O13: =+N13 -> 0 | P13: =+N13-O13 -> 0
B14: 5 | C14: A | D14: المصنع | E14: تيل | F14: قطعة | G14: CIRCLIP | H14: تيل | I14: A-0-7 | J14: A000005 | K14: 12 | L14: =+SUMIF('حركه المخزن الرئيسي اليوميه'!$F:$F,$H:$H,'حركه المخزن الرئيسي اليوميه'!$H:$H) -> 0 | M14: =+SUMIF('حركه المخزن الرئيسي اليوميه'!$F:$F,$H:$H,'حركه المخزن الرئيسي اليوميه'!$I:$I) -> 0 | N14: =+K14+L14-M14 -> 12 | O14: =+N14 -> 12 | P14: =+N14-O14 -> 0
B15: 6 | C15: A | D15: الفلتر | E15: شيالات بلتة فلتر | F15: قطعة | G15: FILTER PLATE HANDLE | H15: شيالات بلتة فلتر | I15: B-6 + F-2 | J15: A000006 | K15: 59 | L15: =+SUMIF('حركه المخزن الرئيسي اليوميه'!$F:$F,$H:$H,'حركه المخزن الرئيسي اليوميه'!$H:$H) -> 0 | M15: =+SUMIF('حركه المخزن الرئيسي اليوميه'!$F:$F,$H:$H,'حركه المخزن الرئيسي اليوميه'!$I:$I) -> 0 | N15: =+K15+L15-M15 -> 59 | O15: =+N15 -> 59 | P15: =+N15-O15 -> 0
B16: 7 | C16: A | D16: الفلتر | E16: وردة فلتر | F16: قطعة | G16: FILTER PLATE WASHER | H16: وردة فلتر | I16: F-16 + F-12 | J16: A000007 | K16: 42 | L16: =+SUMIF('حركه المخزن الرئيسي اليوميه'!$F:$F,$H:$H,'حركه المخزن الرئيسي اليوميه'!$H:$H) -> 0 | M16: =+SUMIF('حركه المخزن الرئيسي اليوميه'!$F:$F,$H:$H,'حركه المخزن الرئيسي اليوميه'!$I:$I) -> 0 | N16: =+K16+L16-M16 -> 42 | O16: =+N16 -> 42 | P16: =+N16-O16 -> 0
B17: 8 | C17: A | D17: المصنع | E17: ترس عربة تحكم الفلتر ( فرول ) | F17: قطعة | G17: Impeller | H17: ترس عربة تحكم الفلتر ( فرول ) | I17: A-1 | J17: A000008 | K17: 2 | L17: =+SUMIF('حركه المخزن الرئيسي اليوميه'!$F:$F,$H:$H,'حركه المخزن الرئيسي اليوميه'!$H:$H) -> 0 | M17: =+SUMIF('حركه المخزن الرئيسي اليوميه'!$F:$F,$H:$H,'حركه المخزن الرئيسي اليوميه'!$I:$I) -> 0 | N17: =+K17+L17-M17 -> 2 | O17: =+N17 -> 2 | P17: =+N17-O17 -> 0
B18: 9 | C18: A | D18: الفلتر | E18: عربة تحكم بلنة الفلتر | F18: قطعة | G18: BULLER | H18: عربة تحكم بلنة الفلتر | I18: A-1 | J18: A000009 | K18: 6 | L18: =+SUMIF('حركه المخزن الرئيسي اليوميه'!$F:$F,$H:$H,'حركه المخزن الرئيسي اليوميه'!$H:$H) -> 0 | M18: =+SUMIF('حركه المخزن الرئيسي اليوميه'!$F:$F,$H:$H,'حركه المخزن الرئيسي اليوميه'!$I:$I) -> 0 | N18: =+K18+L18-M18 -> 6 | O18: =+N18 -> 6 | P18: =+N18-O18 -> 0
B19: 10 | C19: A | D19: المصنع | E19: بلي | F19: قطعة | G19: Bearing | H19: 6309 | I19: A-8 | J19: A000010 | K19: 3 | L19: =+SUMIF('حركه المخزن الرئيسي اليوميه'!$F:$F,$H:$H,'حركه المخزن الرئيسي اليوميه'!$H:$H) -> 0 | M19: =+SUMIF('حركه المخزن الرئيسي اليوميه'!$F:$F,$H:$H,'حركه المخزن الرئيسي اليوميه'!$I:$I) -> 0 | N19: =+K19+L19-M19 -> 3 | O19: =+N19 -> 3 | P19: =+N19-O19 -> 0
B20: 11 | C20: A | D20: المصنع | E20: بلي | F20: قطعة | G20: Bearing | H20: 30211 | I20: A-2 | J20: A000011 | K20: 47 | L20: =+SUMIF('حركه المخزن الرئيسي اليوميه'!$F:$F,$H:$H,'حركه المخزن الرئيسي اليوميه'!$H:$H) -> 0 | M20: =+SUMIF('حركه المخزن الرئيسي اليوميه'!$F:$F,$H:$H,'حركه المخزن الرئيسي اليوميه'!$I:$I) -> 0 | N20: =+K20+L20-M20 -> 47 | O20: =+N20 -> 47 | P20: =+N20-O20 -> 0
B21: 12 | C21: A | D21: المصنع | E21: بلي | F21: قطعة | G21: Bearing | H21: 30310 | I21: A-2 | J21: A000012 | K21: 27 | L21: =+SUMIF('حركه المخزن الرئيسي اليوميه'!$F:$F,$H:$H,'حركه المخزن الرئيسي اليوميه'!$H:$H) -> 0 | M21: =+SUMIF('حركه المخزن الرئيسي اليوميه'!$F:$F,$H:$H,'حركه المخزن الرئيسي اليوميه'!$I:$I) -> 0 | N21: =+K21+L21-M21 -> 27 | O21: =+N21 -> 27 | P21: =+N21-O21 -> 0
B22: 13 | C22: A | D22: المصنع | E22: بلي | F22: قطعة | G22: Bearing | H22: 6209ZZ | I22: A-2 | J22: A000013 | K22: 0 | L22: =+SUMIF('حركه المخزن الرئيسي اليوميه'!$F:$F,$H:$H,'حركه المخزن الرئيسي اليوميه'!$H:$H) -> 0 | M22: =+SUMIF('حركه المخزن الرئيسي اليوميه'!$F:$F,$H:$H,'حركه المخزن الرئيسي اليوميه'!$I:$I) -> 0 | N22: =+K22+L22-M22 -> 0 | O22: =+N22 -> 0 | P22: =+N22-O22 -> 0
B23: 14 | C23: A | D23: المصنع | E23: بلي | F23: قطعة | G23: Bearing | H23: 632 / 645 | I23: A-3 | J23: A000014 | K23: 31 | L23: =+SUMIF('حركه المخزن الرئيسي اليوميه'!$F:$F,$H:$H,'حركه المخزن الرئيسي اليوميه'!$H:$H) -> 0 | M23: =+SUMIF('حركه المخزن الرئيسي اليوميه'!$F:$F,$H:$H,'حركه المخزن الرئيسي اليوميه'!$I:$I) -> 2 | N23: =+K23+L23-M23 -> 29 | O23: =+N23 -> 29 | P23: =+N23-O23 -> 0
B24: 15 | C24: A | D24: المصنع | E24: بلي | F24: قطعة | G24: Bearing | H24: 6906 z | I24: A-14 | J24: A000015 | K24: 20 | L24: =+SUMIF('حركه المخزن الرئيسي اليوميه'!$F:$F,$H:$H,'حركه المخزن الرئيسي اليوميه'!$H:$H) -> 0 | M24: =+SUMIF('حركه المخزن الرئيسي اليوميه'!$F:$F,$H:$H,'حركه المخزن الرئيسي اليوميه'!$I:$I) -> 0 | N24: =+K24+L24-M24 -> 20 | O24: =+N24 -> 20 | P24: =+N24-O24 -> 0
B25: 16 | C25: A | D25: المصنع | E25: بلي | F25: قطعة | G25: Bearing | H25: UC210DI | I25: A-2 | J25: A000016 | K25: 7 | L25: =+SUMIF('حركه المخزن الرئيسي اليوميه'!$F:$F,$H:$H,'حركه المخزن الرئيسي اليوميه'!$H:$H) -> 0 | M25: =+SUMIF('حركه المخزن الرئيسي اليوميه'!$F:$F,$H:$H,'حركه المخزن الرئيسي اليوميه'!$I:$I) -> 0 | N25: =+K25+L25-M25 -> 7 | O25: =+N25 -> 7 | P25: =+N25-O25 -> 0
B26: 17 | C26: A | D26: مولدات | E26: مقنيتة | F26: قطعة | G26: ALTENATOR | H26: مقنيتة T.415894 | I26: A-2 | J26: A000017 | K26: 0 | L26: =+SUMIF('حركه المخزن الرئيسي اليوميه'!$F:$F,$H:$H,'حركه المخزن الرئيسي اليوميه'!$H:$H) -> 0 | M26: =+SUMIF('حركه المخزن الرئيسي اليوميه'!$F:$F,$H:$H,'حركه المخزن الرئيسي اليوميه'!$I:$I) -> 0 | N26: =+K26+L26-M26 -> 0 | O26: =+N26 -> 0 | P26: =+N26-O26 -> 0
B27: 18 | C27: A | D27: المصنع | E27: بلي | F27: قطعة | G27: Bearing | H27: 6208 | I27: A-14 | J27: A000018 | K27: 2 | L27: =+SUMIF('حركه المخزن الرئيسي اليوميه'!$F:$F,$H:$H,'حركه المخزن الرئيسي اليوميه'!$H:$H) -> 0 | M27: =+SUMIF('حركه المخزن الرئيسي اليوميه'!$F:$F,$H:$H,'حركه المخزن الرئيسي اليوميه'!$I:$I) -> 0 | N27: =+K27+L27-M27 -> 2 | O27: =+N27 -> 2 | P27: =+N27-O27 -> 0
B28: 19 | C28: A | D28: المصنع | E28: بلي | F28: قطعة | G28: Bearing | H28: 6410 | I28: A-2 | J28: A000019 | K28: 8 | L28: =+SUMIF('حركه المخزن الرئيسي اليوميه'!$F:$F,$H:$H,'حركه المخزن الرئيسي اليوميه'!$H:$H) -> 0 | M28: =+SUMIF('حركه المخزن الرئيسي اليوميه'!$F:$F,$H:$H,'حركه المخزن الرئيسي اليوميه'!$I:$I) -> 0 | N28: =+K28+L28-M28 -> 8 | O28: =+N28 -> 8 | P28: =+N28-O28 -> 0
B29: 20 | C29: A | D29: المصنع | E29: بلي | F29: قطعة | G29: Bearing | H29: 7215 | I29: A-2 | J29: A000020 | K29: 2 | L29: =+SUMIF('حركه المخزن الرئيسي اليوميه'!$F:$F,$H:$H,'حركه المخزن الرئيسي اليوميه'!$H:$H) -> 0 | M29: =+SUMIF('حركه المخزن الرئيسي اليوميه'!$F:$F,$H:$H,'حركه المخزن الرئيسي اليوميه'!$I:$I) -> 0 | N29: =+K29+L29-M29 -> 2 | O29: =+N29 -> 2 | P29: =+N29-O29 -> 0
B30: 21 | C30: A | D30: المصنع | E30: بلي | F30: قطعة | G30: Bearing | H30: 30309 | I30: A-14 | J30: A000021 | K30: 5 | L30: =+SUMIF('حركه المخزن الرئيسي اليوميه'!$F:$F,$H:$H,'حركه المخزن الرئيسي اليوميه'!$H:$H) -> 0 | M30: =+SUMIF('حركه المخزن الرئيسي اليوميه'!$F:$F,$H:$H,'حركه المخزن الرئيسي اليوميه'!$I:$I) -> 0 | N30: =+K30+L30-M30 -> 5 | O30: =+N30 -> 5 | P30: =+N30-O30 -> 0
B31: 22 | C31: A | D31: المصنع | E31: بلي | F31: قطعة | G31: Bearing | H31: 32213 | I31: A-15 | J31: A000022 | K31: 22 | L31: =+SUMIF('حركه المخزن الرئيسي اليوميه'!$F:$F,$H:$H,'حركه المخزن الرئيسي اليوميه'!$H:$H) -> 0 | M31: =+SUMIF('حركه المخزن الرئيسي اليوميه'!$F:$F,$H:$H,'حركه المخزن الرئيسي اليوميه'!$I:$I) -> 0 | N31: =+K31+L31-M31 -> 22 | O31: =+N31 -> 22 | P31: =+N31-O31 -> 0
B32: 23 | C32: A | D32: المصنع | E32: بلي | F32: قطعة | G32: Bearing | H32: 51320 | I32: A-2 | J32: A000023 | K32: 1 | L32: =+SUMIF('حركه المخزن الرئيسي اليوميه'!$F:$F,$H:$H,'حركه المخزن الرئيسي اليوميه'!$H:$H) -> 0 | M32: =+SUMIF('حركه المخزن الرئيسي اليوميه'!$F:$F,$H:$H,'حركه المخزن الرئيسي اليوميه'!$I:$I) -> 0 | N32: =+K32+L32-M32 -> 1 | O32: =+N32 -> 1 | P32: =+N32-O32 -> 0
B33: 24 | C33: A | D33: المصنع | E33: بلي | F33: قطعة | G33: Bearing | H33: ATN 1310 | I33: A-17 | J33: A000024 | K33: 68 | L33: =+SUMIF('حركه المخزن الرئيسي اليوميه'!$F:$F,$H:$H,'حركه المخزن الرئيسي اليوميه'!$H:$H) -> 0 | M33: =+SUMIF('حركه المخزن الرئيسي اليوميه'!$F:$F,$H:$H,'حركه المخزن الرئيسي اليوميه'!$I:$I) -> 0 | N33: =+K33+L33-M33 -> 68 | O33: =+N33 -> 68 | P33: =+N33-O33 -> 0
B34: 25 | C34: A | D34: المصنع | E34: بلي | F34: قطعة | G34: Bearing | H34: 305 | I34: A-3 | J34: A000025 | K34: 0 | L34: =+SUMIF('حركه المخزن الرئيسي اليوميه'!$F:$F,$H:$H,'حركه المخزن الرئيسي اليوميه'!$H:$H) -> 0 | M34: =+SUMIF('حركه المخزن الرئيسي اليوميه'!$F:$F,$H:$H,'حركه المخزن الرئيسي اليوميه'!$I:$I) -> 0 | N34: =+K34+L34-M34 -> 0 | O34: =+N34 -> 0 | P34: =+N34-O34 -> 0
B35: 26 | C35: A | D35: المصنع | E35: بلي | F35: قطعة | G35: Bearing | H35: 1316 | I35: A-3 | J35: A000026 | K35: 9 | L35: =+SUMIF('حركه المخزن الرئيسي اليوميه'!$F:$F,$H:$H,'حركه المخزن الرئيسي اليوميه'!$H:$H) -> 0 | M35: =+SUMIF('حركه المخزن الرئيسي اليوميه'!$F:$F,$H:$H,'حركه المخزن الرئيسي اليوميه'!$I:$I) -> 0 | N35: =+K35+L35-M35 -> 9 | O35: =+N35 -> 9 | P35: =+N35-O35 -> 0
B36: 27 | C36: A | D36: المصنع | E36: بلي | F36: قطعة | G36: Bearing | H36: 6204 - 2RS | I36: A-9 | J36: A000027 | K36: 204 | L36: =+SUMIF('حركه المخزن الرئيسي اليوميه'!$F:$F,$H:$H,'حركه المخزن الرئيسي اليوميه'!$H:$H) -> 0 | M36: =+SUMIF('حركه المخزن الرئيسي اليوميه'!$F:$F,$H:$H,'حركه المخزن الرئيسي اليوميه'!$I:$I) -> 8 | N36: =+K36+L36-M36 -> 196 | O36: =+N36 -> 196 | P36: =+N36-O36 -> 0
B37: 28 | C37: A | D37: المصنع | E37: بلي | F37: قطعة | G37: Bearing | H37: 6303 | I37: A-3 | J37: A000028 | K37: 0 | L37: =+SUMIF('حركه المخزن الرئيسي اليوميه'!$F:$F,$H:$H,'حركه المخزن الرئيسي اليوميه'!$H:$H) -> 0 | M37: =+SUMIF('حركه المخزن الرئيسي اليوميه'!$F:$F,$H:$H,'حركه المخزن الرئيسي اليوميه'!$I:$I) -> 0 | N37: =+K37+L37-M37 -> 0 | O37: =+N37 -> 0 | P37: =+N37-O37 -> 0
B38: 29 | C38: A | D38: المصنع | E38: بلي | F38: قطعة | G38: Bearing | H38: 6305 | I38: A-9 | J38: A000029 | K38: 63 | L38: =+SUMIF('حركه المخزن الرئيسي اليوميه'!$F:$F,$H:$H,'حركه المخزن الرئيسي اليوميه'!$H:$H) -> 0 | M38: =+SUMIF('حركه المخزن الرئيسي اليوميه'!$F:$F,$H:$H,'حركه المخزن الرئيسي اليوميه'!$I:$I) -> 0 | N38: =+K38+L38-M38 -> 63 | O38: =+N38 -> 63 | P38: =+N38-O38 -> 0
B39: 30 | C39: A | D39: المصنع | E39: بلي | F39: قطعة | G39: Bearing | H39: 6307 | I39: A-14 | J39: A000030 | K39: 18 | L39: =+SUMIF('حركه المخزن الرئيسي اليوميه'!$F:$F,$H:$H,'حركه المخزن الرئيسي اليوميه'!$H:$H) -> 0 | M39: =+SUMIF('حركه المخزن الرئيسي اليوميه'!$F:$F,$H:$H,'حركه المخزن الرئيسي اليوميه'!$I:$I) -> 4 | N39: =+K39+L39-M39 -> 14 | O39: =+N39 -> 14 | P39: =+N39-O39 -> 0
B40: 31 | C40: A | D40: المصنع | E40: بلي | F40: قطعة | G40: Bearing | H40: 30208 | I40: A-14 | J40: A000031 | K40: 7 | L40: =+SUMIF('حركه المخزن الرئيسي اليوميه'!$F:$F,$H:$H,'حركه المخزن الرئيسي اليوميه'!$H:$H) -> 0 | M40: =+SUMIF('حركه المخزن الرئيسي اليوميه'!$F:$F,$H:$H,'حركه المخزن الرئيسي اليوميه'!$I:$I) -> 0 | N40: =+K40+L40-M40 -> 7 | O40: =+N40 -> 7 | P40: =+N40-O40 -> 0
B41: 32 | C41: A | D41: المصنع | E41: بلي | F41: قطعة | G41: Bearing | H41: 55206 | I41: A-3 | J41: A000032 | K41: 39 | L41: =+SUMIF('حركه المخزن الرئيسي اليوميه'!$F:$F,$H:$H,'حركه المخزن الرئيسي اليوميه'!$H:$H) -> 0 | M41: =+SUMIF('حركه المخزن الرئيسي اليوميه'!$F:$F,$H:$H,'حركه المخزن الرئيسي اليوميه'!$I:$I) -> 0 | N41: =+K41+L41-M41 -> 39 | O41: =+N41 -> 39 | P41: =+N41-O41 -> 0
B42: 33 | C42: A | D42: المصنع | E42: بلي | F42: قطعة | G42: Bearing | H42: 6906RS | I42: A-14 | J42: A000033 | K42: 2 | L42: =+SUMIF('حركه المخزن الرئيسي اليوميه'!$F:$F,$H:$H,'حركه المخزن الرئيسي اليوميه'!$H:$H) -> 0 | M42: =+SUMIF('حركه المخزن الرئيسي اليوميه'!$F:$F,$H:$H,'حركه المخزن الرئيسي اليوميه'!$I:$I) -> 0 | N42: =+K42+L42-M42 -> 2 | O42: =+N42 -> 2 | P42: =+N42-O42 -> 0
B43: 34 | C43: A | D43: المصنع | E43: بلي | F43: قطعة | H43: RN 206E | I43: A-14 | J43: A000034 | K43: 8 | L43: =+SUMIF('حركه المخزن الرئيسي اليوميه'!$F:$F,$H:$H,'حركه المخزن الرئيسي اليوميه'!$H:$H) -> 0 | M43: =+SUMIF('حركه المخزن الرئيسي اليوميه'!$F:$F,$H:$H,'حركه المخزن الرئيسي اليوميه'!$I:$I) -> 0 | N43: =+K43+L43-M43 -> 8 | O43: =+N43 -> 8 | P43: =+N43-O43 -> 0
B44: 35 | C44: A | D44: المصنع | E44: بلي | F44: قطعة | G44: Bearing | H44: 1312 | I44: A-14 | J44: A000035 | K44: 2 | L44: =+SUMIF('حركه المخزن الرئيسي اليوميه'!$F:$F,$H:$H,'حركه المخزن الرئيسي اليوميه'!$H:$H) -> 0 | M44: =+SUMIF('حركه المخزن الرئيسي اليوميه'!$F:$F,$H:$H,'حركه المخزن الرئيسي اليوميه'!$I:$I) -> 0 | N44: =+K44+L44-M44 -> 2 | O44: =+N44 -> 2 | P44: =+N44-O44 -> 0
B45: 36 | C45: A | D45: المصنع | E45: بلي | F45: قطعة | G45: Bearing | H45: 6312 | I45: A-3 | J45: A000036 | K45: 15 | L45: =+SUMIF('حركه المخزن الرئيسي اليوميه'!$F:$F,$H:$H,'حركه المخزن الرئيسي اليوميه'!$H:$H) -> 0 | M45: =+SUMIF('حركه المخزن الرئيسي اليوميه'!$F:$F,$H:$H,'حركه المخزن الرئيسي اليوميه'!$I:$I) -> 0 | N45: =+K45+L45-M45 -> 15 | O45: =+N45 -> 15 | P45: =+N45-O45 -> 0
B46: 37 | C46: A | D46: المصنع | E46: بلي | F46: قطعة | H46: 6207 2RS | I46: A-8 | J46: A000037 | K46: 2 | L46: =+SUMIF('حركه المخزن الرئيسي اليوميه'!$F:$F,$H:$H,'حركه المخزن الرئيسي اليوميه'!$H:$H) -> 0 | M46: =+SUMIF('حركه المخزن الرئيسي اليوميه'!$F:$F,$H:$H,'حركه المخزن الرئيسي اليوميه'!$I:$I) -> 0 | N46: =+K46+L46-M46 -> 2 | O46: =+N46 -> 2
B47: 38 | C47: A | D47: المصنع | E47: بلي | F47: قطعة | G47: White Ring | H47: 6210 بلي | I47: A-15 | J47: A000038 | K47: 0 | L47: =+SUMIF('حركه المخزن الرئيسي اليوميه'!$F:$F,$H:$H,'حركه المخزن الرئيسي اليوميه'!$H:$H) -> 0 | M47: =+SUMIF('حركه المخزن الرئيسي اليوميه'!$F:$F,$H:$H,'حركه المخزن الرئيسي اليوميه'!$I:$I) -> 0 | N47: =+K47+L47-M47 -> 0 | O47: =+N47 -> 0 | P47: =+N47-O47 -> 0
B48: 39 | C48: A | D48: المصنع | E48: بلي | F48: قطعة | G48: Bearing | H48: 6311 Z | I48: A-16 | J48: A000039 | K48: 17 | L48: =+SUMIF('حركه المخزن الرئيسي اليوميه'!$F:$F,$H:$H,'حركه المخزن الرئيسي اليوميه'!$H:$H) -> 0 | M48: =+SUMIF('حركه المخزن الرئيسي اليوميه'!$F:$F,$H:$H,'حركه المخزن الرئيسي اليوميه'!$I:$I) -> 0 | N48: =+K48+L48-M48 -> 17 | O48: =+N48 -> 17 | P48: =+N48-O48 -> 0
B49: 40 | C49: A | D49: المصنع | E49: بلي | F49: قطعة | G49: Bearing | H49: 6302 | I49: A-8 | J49: A000040 | K49: 2 | L49: =+SUMIF('حركه المخزن الرئيسي اليوميه'!$F:$F,$H:$H,'حركه المخزن الرئيسي اليوميه'!$H:$H) -> 0 | M49: =+SUMIF('حركه المخزن الرئيسي اليوميه'!$F:$F,$H:$H,'حركه المخزن الرئيسي اليوميه'!$I:$I) -> 0 | N49: =+K49+L49-M49 -> 2 | O49: =+N49 -> 2 | P49: =+N49-O49 -> 0
B50: 41 | C50: A | D50: المصنع | E50: بلي | F50: قطعة | G50: Bearing | H50: 2314 | I50: A-16 | J50: A000041 | K50: 14 | L50: =+SUMIF('حركه المخزن الرئيسي اليوميه'!$F:$F,$H:$H,'حركه المخزن الرئيسي اليوميه'!$H:$H) -> 0 | M50: =+SUMIF('حركه المخزن الرئيسي اليوميه'!$F:$F,$H:$H,'حركه المخزن الرئيسي اليوميه'!$I:$I) -> 0 | N50: =+K50+L50-M50 -> 14 | O50: =+N50 -> 14 | P50: =+N50-O50 -> 0
B51: 42 | C51: A | D51: المصنع | E51: بلي | F51: قطعة | G51: Bearing | H51: 529 / K522 | I51: A-9 | J51: A000042 | K51: 26 | L51: =+SUMIF('حركه المخزن الرئيسي اليوميه'!$F:$F,$H:$H,'حركه المخزن الرئيسي اليوميه'!$H:$H) -> 0 | M51: =+SUMIF('حركه المخزن الرئيسي اليوميه'!$F:$F,$H:$H,'حركه المخزن الرئيسي اليوميه'!$I:$I) -> 0 | N51: =+K51+L51-M51 -> 26 | O51: =+N51 -> 26 | P51: =+N51-O51 -> 0
B52: 43 | C52: A | D52: المصنع | E52: بلي | F52: قطعة | G52: Bearing | H52: H913810 DB / H913849 | I52: A-4 | J52: A000043 | K52: 18 | L52: =+SUMIF('حركه المخزن الرئيسي اليوميه'!$F:$F,$H:$H,'حركه المخزن الرئيسي اليوميه'!$H:$H) -> 0 | M52: =+SUMIF('حركه المخزن الرئيسي اليوميه'!$F:$F,$H:$H,'حركه المخزن الرئيسي اليوميه'!$I:$I) -> 0 | N52: =+K52+L52-M52 -> 18 | O52: =+N52 -> 18 | P52: =+N52-O52 -> 0
B53: 44 | C53: A | D53: المصنع | E53: بلي | F53: قطعة | G53: Bearing | H53: Ni2309 | I53: A-15 | J53: A000044 | K53: 14 | L53: =+SUMIF('حركه المخزن الرئيسي اليوميه'!$F:$F,$H:$H,'حركه المخزن الرئيسي اليوميه'!$H:$H) -> 0 | M53: =+SUMIF('حركه المخزن الرئيسي اليوميه'!$F:$F,$H:$H,'حركه المخزن الرئيسي اليوميه'!$I:$I) -> 0 | N53: =+K53+L53-M53 -> 14 | O53: =+N53 -> 14 | P53: =+N53-O53 -> 0
B54: 45 | C54: A | D54: المصنع | E54: بلي | G54: Water Steril LIZER | H54: NU313 EMC3 بلي | I54: A-4 | J54: A000045 | K54: 31 | L54: =+SUMIF('حركه المخزن الرئيسي اليوميه'!$F:$F,$H:$H,'حركه المخزن الرئيسي اليوميه'!$H:$H) -> 0 | M54: =+SUMIF('حركه المخزن الرئيسي اليوميه'!$F:$F,$H:$H,'حركه المخزن الرئيسي اليوميه'!$I:$I) -> 0 | N54: =+K54+L54-M54 -> 31 | O54: =+N54 -> 31 | P54: =+N54-O54 -> 0
B55: 46 | C55: A | D55: المصنع | E55: بلي | F55: قطعة | G55: Bearing | H55: NV313EMC3 | I55: A-4 | J55: A000046 | K55: 0 | L55: =+SUMIF('حركه المخزن الرئيسي اليوميه'!$F:$F,$H:$H,'حركه المخزن الرئيسي اليوميه'!$H:$H) -> 0 | M55: =+SUMIF('حركه المخزن الرئيسي اليوميه'!$F:$F,$H:$H,'حركه المخزن الرئيسي اليوميه'!$I:$I) -> 0 | N55: =+K55+L55-M55 -> 0 | O55: =+N55 -> 0 | P55: =+N55-O55 -> 0
B56: 47 | C56: A | D56: المصنع | E56: بلي | F56: قطعه | G56: Bearing | H56: 22220 CA/W33 | I56: A-4 | J56: A000047 | K56: 12 | L56: =+SUMIF('حركه المخزن الرئيسي اليوميه'!$F:$F,$H:$H,'حركه المخزن الرئيسي اليوميه'!$H:$H) -> 0 | M56: =+SUMIF('حركه المخزن الرئيسي اليوميه'!$F:$F,$H:$H,'حركه المخزن الرئيسي اليوميه'!$I:$I) -> 0 | N56: =+K56+L56-M56 -> 12 | O56: =+N56 -> 12 | P56: =+N56-O56 -> 0
B57: 48 | C57: A | D57: المصنع | E57: بلي | F57: قطعة | G57: Bearing | H57: 6032 | I57: A-15 | J57: A000048 | K57: 2 | L57: =+SUMIF('حركه المخزن الرئيسي اليوميه'!$F:$F,$H:$H,'حركه المخزن الرئيسي اليوميه'!$H:$H) -> 0 | M57: =+SUMIF('حركه المخزن الرئيسي اليوميه'!$F:$F,$H:$H,'حركه المخزن الرئيسي اليوميه'!$I:$I) -> 0 | N57: =+K57+L57-M57 -> 2 | O57: =+N57 -> 2 | P57: =+N57-O57 -> 0
B58: 49 | C58: A | D58: المصنع | E58: بلي | F58: قطعة | G58: Bearing | H58: 6314 | I58: A-16 | J58: A000049 | K58: 9 | L58: =+SUMIF('حركه المخزن الرئيسي اليوميه'!$F:$F,$H:$H,'حركه المخزن الرئيسي اليوميه'!$H:$H) -> 0 | M58: =+SUMIF('حركه المخزن الرئيسي اليوميه'!$F:$F,$H:$H,'حركه المخزن الرئيسي اليوميه'!$I:$I) -> 2 | N58: =+K58+L58-M58 -> 7 | O58: =+N58 -> 7 | P58: =+N58-O58 -> 0
B59: 50 | C59: A | D59: المصنع | E59: بلي | F59: قطعة | G59: Mouth Ring | H59: 6215 بلي | I59: A-15 | J59: A000050 | K59: 2 | L59: =+SUMIF('حركه المخزن الرئيسي اليوميه'!$F:$F,$H:$H,'حركه المخزن الرئيسي اليوميه'!$H:$H) -> 0 | M59: =+SUMIF('حركه المخزن الرئيسي اليوميه'!$F:$F,$H:$H,'حركه المخزن الرئيسي اليوميه'!$I:$I) -> 0 | N59: =+K59+L59-M59 -> 2 | O59: =+N59 -> 2 | P59: =+N59-O59 -> 0
B60: 51 | C60: A | D60: المصنع | E60: بلي | F60: قطعة | G60: Bearing | H60: 63142 RS | I60: A-15 | J60: A000051 | K60: 1 | L60: =+SUMIF('حركه المخزن الرئيسي اليوميه'!$F:$F,$H:$H,'حركه المخزن الرئيسي اليوميه'!$H:$H) -> 0 | M60: =+SUMIF('حركه المخزن الرئيسي اليوميه'!$F:$F,$H:$H,'حركه المخزن الرئيسي اليوميه'!$I:$I) -> 0 | N60: =+K60+L60-M60 -> 1 | O60: =+N60 -> 1 | P60: =+N60-O60 -> 0
B61: 52 | C61: A | D61: المصنع | E61: بلي | F61: قطعة | G61: Iron Ring | H61: 6405 بلي | I61: A-15 | J61: A000052 | K61: 2 | L61: =+SUMIF('حركه المخزن الرئيسي اليوميه'!$F:$F,$H:$H,'حركه المخزن الرئيسي اليوميه'!$H:$H) -> 0 | M61: =+SUMIF('حركه المخزن الرئيسي اليوميه'!$F:$F,$H:$H,'حركه المخزن الرئيسي اليوميه'!$I:$I) -> 0 | N61: =+K61+L61-M61 -> 2 | O61: =+N61 -> 2 | P61: =+N61-O61 -> 0
B62: 53 | C62: A | D62: المصنع | E62: بلي | F62: قطعة | G62: IRON FAN | H62: بلي 6409 | I62: A-15 | J62: A000053 | K62: 2 | L62: =+SUMIF('حركه المخزن الرئيسي اليوميه'!$F:$F,$H:$H,'حركه المخزن الرئيسي اليوميه'!$H:$H) -> 0 | M62: =+SUMIF('حركه المخزن الرئيسي اليوميه'!$F:$F,$H:$H,'حركه المخزن الرئيسي اليوميه'!$I:$I) -> 0 | N62: =+K62+L62-M62 -> 2 | O62: =+N62 -> 2 | P62: =+N62-O62 -> 0
B63: 54 | C63: A | D63: المصنع | E63: بلي | F63: قطعة | G63: Bearing | H63: 6580 /6535 | I63: A-4 | J63: A000054 | K63: 27 | L63: =+SUMIF('حركه المخزن الرئيسي اليوميه'!$F:$F,$H:$H,'حركه المخزن الرئيسي اليوميه'!$H:$H) -> 0 | M63: =+SUMIF('حركه المخزن الرئيسي اليوميه'!$F:$F,$H:$H,'حركه المخزن الرئيسي اليوميه'!$I:$I) -> 0 | N63: =+K63+L63-M63 -> 27 | O63: =+N63 -> 27 | P63: =+N63-O63 -> 0
B64: 55 | C64: A | D64: المصنع | E64: بلي | F64: قطعة | G64: Bearing | H64: 2311 | I64: A-16 | J64: A000055 | K64: 17 | L64: =+SUMIF('حركه المخزن الرئيسي اليوميه'!$F:$F,$H:$H,'حركه المخزن الرئيسي اليوميه'!$H:$H) -> 0 | M64: =+SUMIF('حركه المخزن الرئيسي اليوميه'!$F:$F,$H:$H,'حركه المخزن الرئيسي اليوميه'!$I:$I) -> 0 | N64: =+K64+L64-M64 -> 17 | O64: =+N64 -> 17 | P64: =+N64-O64 -> 0
B65: 56 | C65: A | D65: المصنع | E65: بلي | F65: قطعة | G65: Bearing | H65: 6317 | I65: A-5 | J65: A000056 | K65: 10 | L65: =+SUMIF('حركه المخزن الرئيسي اليوميه'!$F:$F,$H:$H,'حركه المخزن الرئيسي اليوميه'!$H:$H) -> 0 | M65: =+SUMIF('حركه المخزن الرئيسي اليوميه'!$F:$F,$H:$H,'حركه المخزن الرئيسي اليوميه'!$I:$I) -> 0 | N65: =+K65+L65-M65 -> 10 | O65: =+N65 -> 10 | P65: =+N65-O65 -> 0
B66: 57 | C66: A | D66: المصنع | E66: بلي | F66: قطعة | G66: Bearing | H66: 6412 | I66: A-5 | J66: A000057 | K66: 12 | L66: =+SUMIF('حركه المخزن الرئيسي اليوميه'!$F:$F,$H:$H,'حركه المخزن الرئيسي اليوميه'!$H:$H) -> 0 | M66: =+SUMIF('حركه المخزن الرئيسي اليوميه'!$F:$F,$H:$H,'حركه المخزن الرئيسي اليوميه'!$I:$I) -> 0 | N66: =+K66+L66-M66 -> 12 | O66: =+N66 -> 12 | P66: =+N66-O66 -> 0
B67: 58 | C67: A | D67: المصنع | E67: بلي | F67: قطعة | G67: Bearing | H67: 30319 | I67: A-5 | J67: A000058 | K67: 11 | L67: =+SUMIF('حركه المخزن الرئيسي اليوميه'!$F:$F,$H:$H,'حركه المخزن الرئيسي اليوميه'!$H:$H) -> 0 | M67: =+SUMIF('حركه المخزن الرئيسي اليوميه'!$F:$F,$H:$H,'حركه المخزن الرئيسي اليوميه'!$I:$I) -> 0 | N67: =+K67+L67-M67 -> 11 | O67: =+N67 -> 11 | P67: =+N67-O67 -> 0
B68: 59 | C68: A | D68: المصنع | E68: بلي | F68: قطعة | G68: BOLT PUMP | H68: NU318 بلي | I68: A-9 | J68: A000059 | K68: 33 | L68: =+SUMIF('حركه المخزن الرئيسي اليوميه'!$F:$F,$H:$H,'حركه المخزن الرئيسي اليوميه'!$H:$H) -> 0 | M68: =+SUMIF('حركه المخزن الرئيسي اليوميه'!$F:$F,$H:$H,'حركه المخزن الرئيسي اليوميه'!$I:$I) -> 0 | N68: =+K68+L68-M68 -> 33 | O68: =+N68 -> 33 | P68: =+N68-O68 -> 0
B69: 60 | C69: A | D69: المصنع | E69: بلي | F69: قطعة | G69: Bearing | H69: 30209 | I69: A-14 | J69: A000060 | K69: 1 | L69: =+SUMIF('حركه المخزن الرئيسي اليوميه'!$F:$F,$H:$H,'حركه المخزن الرئيسي اليوميه'!$H:$H) -> 0 | M69: =+SUMIF('حركه المخزن الرئيسي اليوميه'!$F:$F,$H:$H,'حركه المخزن الرئيسي اليوميه'!$I:$I) -> 0 | N69: =+K69+L69-M69 -> 1 | O69: =+N69 -> 1 | P69: =+N69-O69 -> 0
B70: 61 | C70: A | D70: المصنع | E70: بلي | F70: قطعة | G70: Bearing | H70: 22308 CA/W33 | I70: A-14 | J70: A000061 | K70: 1 | L70: =+SUMIF('حركه المخزن الرئيسي اليوميه'!$F:$F,$H:$H,'حركه المخزن الرئيسي اليوميه'!$H:$H) -> 0 | M70: =+SUMIF('حركه المخزن الرئيسي اليوميه'!$F:$F,$H:$H,'حركه المخزن الرئيسي اليوميه'!$I:$I) -> 0 | N70: =+K70+L70-M70 -> 1 | O70: =+N70 -> 1 | P70: =+N70-O70 -> 0
B71: 62 | C71: A | D71: المصنع | E71: بلي | F71: قطعة | G71: graphite | H71: 6224 بلي | I71: A-8 | J71: A000062 | K71: 2 | L71: =+SUMIF('حركه المخزن الرئيسي اليوميه'!$F:$F,$H:$H,'حركه المخزن الرئيسي اليوميه'!$H:$H) -> 0 | M71: =+SUMIF('حركه المخزن الرئيسي اليوميه'!$F:$F,$H:$H,'حركه المخزن الرئيسي اليوميه'!$I:$I) -> 0 | N71: =+K71+L71-M71 -> 2 | O71: =+N71 -> 2 | P71: =+N71-O71 -> 0
B72: 63 | C72: A | D72: المصنع | E72: بلي | F72: قطعة | G72: Bearing | H72: Nj412m | I72: A-8 | J72: A000063 | K72: 10 | L72: =+SUMIF('حركه المخزن الرئيسي اليوميه'!$F:$F,$H:$H,'حركه المخزن الرئيسي اليوميه'!$H:$H) -> 0 | M72: =+SUMIF('حركه المخزن الرئيسي اليوميه'!$F:$F,$H:$H,'حركه المخزن الرئيسي اليوميه'!$I:$I) -> 0 | N72: =+K72+L72-M72 -> 10 | O72: =+N72 -> 10 | P72: =+N72-O72 -> 0
B73: 64 | C73: A | D73: المصنع | E73: بلي | F73: قطعة | G73: Bearing | H73: NUP215E | I73: A-15 | J73: A000064 | K73: 26 | L73: =+SUMIF('حركه المخزن الرئيسي اليوميه'!$F:$F,$H:$H,'حركه المخزن الرئيسي اليوميه'!$H:$H) -> 0 | M73: =+SUMIF('حركه المخزن الرئيسي اليوميه'!$F:$F,$H:$H,'حركه المخزن الرئيسي اليوميه'!$I:$I) -> 0 | N73: =+K73+L73-M73 -> 26 | O73: =+N73 -> 26 | P73: =+N73-O73 -> 0
B74: 65 | C74: A | D74: المصنع | E74: بلي | F74: قطعة | G74: Bearing | H74: NV318E | I74: A-5 | J74: A000065 | K74: 0 | L74: =+SUMIF('حركه المخزن الرئيسي اليوميه'!$F:$F,$H:$H,'حركه المخزن الرئيسي اليوميه'!$H:$H) -> 0 | M74: =+SUMIF('حركه المخزن الرئيسي اليوميه'!$F:$F,$H:$H,'حركه المخزن الرئيسي اليوميه'!$I:$I) -> 0 | N74: =+K74+L74-M74 -> 0 | O74: =+N74 -> 0 | P74: =+N74-O74 -> 0
B75: 66 | C75: A | D75: المصنع | E75: بلي | F75: قطعة | G75: Cable PV MM1*4 | H75: بلي 8320 | I75: A-16 | J75: A000066 | K75: 5 | L75: =+SUMIF('حركه المخزن الرئيسي اليوميه'!$F:$F,$H:$H,'حركه المخزن الرئيسي اليوميه'!$H:$H) -> 0 | M75: =+SUMIF('حركه المخزن الرئيسي اليوميه'!$F:$F,$H:$H,'حركه المخزن الرئيسي اليوميه'!$I:$I) -> 0 | N75: =+K75+L75-M75 -> 5 | O75: =+N75 -> 5 | P75: =+N75-O75 -> 0
B76: 67 | C76: A | D76: المصنع | E76: بلي | F76: قطعة | G76: Bearing | H76: 3538 | I76: A-6 | J76: A000067 | K76: 0 | L76: =+SUMIF('حركه المخزن الرئيسي اليوميه'!$F:$F,$H:$H,'حركه المخزن الرئيسي اليوميه'!$H:$H) -> 0 | M76: =+SUMIF('حركه المخزن الرئيسي اليوميه'!$F:$F,$H:$H,'حركه المخزن الرئيسي اليوميه'!$I:$I) -> 0 | N76: =+K76+L76-M76 -> 0 | O76: =+N76 -> 0 | P76: =+N76-O76 -> 0
B77: 68 | C77: A | D77: المصنع | E77: بلي | F77: قطعة | G77: Bearing | H77: 22238CA-G3W33 | I77: A-6 | J77: A000068 | K77: 10 | L77: =+SUMIF('حركه المخزن الرئيسي اليوميه'!$F:$F,$H:$H,'حركه المخزن الرئيسي اليوميه'!$H:$H) -> 0 | M77: =+SUMIF('حركه المخزن الرئيسي اليوميه'!$F:$F,$H:$H,'حركه المخزن الرئيسي اليوميه'!$I:$I) -> 0 | N77: =+K77+L77-M77 -> 10 | O77: =+N77 -> 10 | P77: =+N77-O77 -> 0
B78: 69 | C78: A | D78: المصنع | E78: بلي | F78: قطعة | G78: Bearing | H78: 6038 | I78: A-6 | J78: A000069 | K78: 2 | L78: =+SUMIF('حركه المخزن الرئيسي اليوميه'!$F:$F,$H:$H,'حركه المخزن الرئيسي اليوميه'!$H:$H) -> 0 | M78: =+SUMIF('حركه المخزن الرئيسي اليوميه'!$F:$F,$H:$H,'حركه المخزن الرئيسي اليوميه'!$I:$I) -> 0 | N78: =+K78+L78-M78 -> 2 | O78: =+N78 -> 2 | P78: =+N78-O78 -> 0
B79: 70 | C79: A | D79: المصنع | E79: بلي | F79: قطعة | G79: Bearing | H79: 6044 | I79: A-6 | J79: A000070 | K79: 2 | L79: =+SUMIF('حركه المخزن الرئيسي اليوميه'!$F:$F,$H:$H,'حركه المخزن الرئيسي اليوميه'!$H:$H) -> 0 | M79: =+SUMIF('حركه المخزن الرئيسي اليوميه'!$F:$F,$H:$H,'حركه المخزن الرئيسي اليوميه'!$I:$I) -> 0 | N79: =+K79+L79-M79 -> 2 | O79: =+N79 -> 2 | P79: =+N79-O79 -> 0
B80: 71 | C80: A | D80: المصنع | E80: بلي | F80: قطعة | G80: Bearing | H80: 8268 | I80: A-6 | J80: A000071 | K80: 2 | L80: =+SUMIF('حركه المخزن الرئيسي اليوميه'!$F:$F,$H:$H,'حركه المخزن الرئيسي اليوميه'!$H:$H) -> 0 | M80: =+SUMIF('حركه المخزن الرئيسي اليوميه'!$F:$F,$H:$H,'حركه المخزن الرئيسي اليوميه'!$I:$I) -> 0 | N80: =+K80+L80-M80 -> 2 | O80: =+N80 -> 2 | P80: =+N80-O80 -> 0
B81: 72 | C81: A | D81: المصنع | E81: بلي | F81: قطعة | G81: Bearing | H81: 32236 | I81: A-6 | J81: A000072 | K81: 2 | L81: =+SUMIF('حركه المخزن الرئيسي اليوميه'!$F:$F,$H:$H,'حركه المخزن الرئيسي اليوميه'!$H:$H) -> 0 | M81: =+SUMIF('حركه المخزن الرئيسي اليوميه'!$F:$F,$H:$H,'حركه المخزن الرئيسي اليوميه'!$I:$I) -> 0 | N81: =+K81+L81-M81 -> 2 | O81: =+N81 -> 2 | P81: =+N81-O81 -> 0
B82: 73 | C82: المكتب | D82: الرئيسي | E82: سيل | F82: قطعه | G82: SEAL | H82: 55*72*10 | I82: P-4 | J82: A000073 | K82: 8 | L82: =+SUMIF('حركه المخزن الرئيسي اليوميه'!$F:$F,$H:$H,'حركه المخزن الرئيسي اليوميه'!$H:$H) -> 0 | M82: =+SUMIF('حركه المخزن الرئيسي اليوميه'!$F:$F,$H:$H,'حركه المخزن الرئيسي اليوميه'!$I:$I) -> 0 | N82: =+K82+L82-M82 -> 8 | O82: =+N82 -> 8 | P82: =+N82-O82 -> 0
B83: 74 | C83: A | D83: الرئيسي | E83: سيل | F83: قطعه | G83: SEAL | H83: 50*68*9 | I83: P-4 | J83: A000074 | K83: 7 | L83: =+SUMIF('حركه المخزن الرئيسي اليوميه'!$F:$F,$H:$H,'حركه المخزن الرئيسي اليوميه'!$H:$H) -> 0 | M83: =+SUMIF('حركه المخزن الرئيسي اليوميه'!$F:$F,$H:$H,'حركه المخزن الرئيسي اليوميه'!$I:$I) -> 0 | N83: =+K83+L83-M83 -> 7 | O83: =+N83 -> 7 | P83: =+N83-O83 -> 0
B84: 75 | C84: A | D84: الرئيسي | E84: سيل | F84: قطعه | G84: SEAL | H84: 70*95*12 | I84: P-2 | J84: A000075 | K84: 19 | L84: =+SUMIF('حركه المخزن الرئيسي اليوميه'!$F:$F,$H:$H,'حركه المخزن الرئيسي اليوميه'!$H:$H) -> 0 | M84: =+SUMIF('حركه المخزن الرئيسي اليوميه'!$F:$F,$H:$H,'حركه المخزن الرئيسي اليوميه'!$I:$I) -> 0 | N84: =+K84+L84-M84 -> 19 | O84: =+N84 -> 19 | P84: =+N84-O84 -> 0
B85: 76 | C85: A | D85: المصنع | E85: سيل | F85: قطعة | G85: SEAL | H85: 110*170*13 | I85: P-4 | J85: A000076 | K85: 14 | L85: =+SUMIF('حركه المخزن الرئيسي اليوميه'!$F:$F,$H:$H,'حركه المخزن الرئيسي اليوميه'!$H:$H) -> 0 | M85: =+SUMIF('حركه المخزن الرئيسي اليوميه'!$F:$F,$H:$H,'حركه المخزن الرئيسي اليوميه'!$I:$I) -> 0 | N85: =+K85+L85-M85 -> 14 | O85: =+N85 -> 14 | P85: =+N85-O85 -> 0
B86: 77 | C86: A | D86: المصنع | E86: سيل | F86: قطعة | G86: SEAL | H86: 120*150*14 | I86: P-5 | J86: A000077 | K86: 31 | L86: =+SUMIF('حركه المخزن الرئيسي اليوميه'!$F:$F,$H:$H,'حركه المخزن الرئيسي اليوميه'!$H:$H) -> 0 | M86: =+SUMIF('حركه المخزن الرئيسي اليوميه'!$F:$F,$H:$H,'حركه المخزن الرئيسي اليوميه'!$I:$I) -> 0 | N86: =+K86+L86-M86 -> 31 | O86: =+N86 -> 31 | P86: =+N86-O86 -> 0
B87: 78 | C87: A | D87: المصنع | E87: سيل | F87: قطعة | G87: SEAL | H87: 30*50*10 | I87: P-3 | J87: A000078 | K87: 21 | L87: =+SUMIF('حركه المخزن الرئيسي اليوميه'!$F:$F,$H:$H,'حركه المخزن الرئيسي اليوميه'!$H:$H) -> 0 | M87: =+SUMIF('حركه المخزن الرئيسي اليوميه'!$F:$F,$H:$H,'حركه المخزن الرئيسي اليوميه'!$I:$I) -> 0 | N87: =+K87+L87-M87 -> 21 | O87: =+N87 -> 21 | P87: =+N87-O87 -> 0
B88: 79 | C88: A | D88: المصنع | E88: سيل | F88: قطعة | G88: SEAL | H88: 35*55*12 | I88: P-3 | J88: A000079 | K88: 29 | L88: =+SUMIF('حركه المخزن الرئيسي اليوميه'!$F:$F,$H:$H,'حركه المخزن الرئيسي اليوميه'!$H:$H) -> 0 | M88: =+SUMIF('حركه المخزن الرئيسي اليوميه'!$F:$F,$H:$H,'حركه المخزن الرئيسي اليوميه'!$I:$I) -> 3 | N88: =+K88+L88-M88 -> 26 | O88: =+N88 -> 26 | P88: =+N88-O88 -> 0
B89: 80 | C89: A | D89: المصنع | E89: سيل | F89: قطعة | G89: SEAL | H89: 50*70*10 | I89: A-8 | J89: A000080 | K89: 0 | L89: =+SUMIF('حركه المخزن الرئيسي اليوميه'!$F:$F,$H:$H,'حركه المخزن الرئيسي اليوميه'!$H:$H) -> 0 | M89: =+SUMIF('حركه المخزن الرئيسي اليوميه'!$F:$F,$H:$H,'حركه المخزن الرئيسي اليوميه'!$I:$I) -> 0 | N89: =+K89+L89-M89 -> 0 | O89: =+N89 -> 0 | P89: =+N89-O89 -> 0
B90: 81 | C90: A | D90: المصنع | E90: سيل | F90: قطعه | G90: SEEL | H90: 50*70*12 | I90: P-3 | J90: A000081 | K90: 11 | L90: =+SUMIF('حركه المخزن الرئيسي اليوميه'!$F:$F,$H:$H,'حركه المخزن الرئيسي اليوميه'!$H:$H) -> 0 | M90: =+SUMIF('حركه المخزن الرئيسي اليوميه'!$F:$F,$H:$H,'حركه المخزن الرئيسي اليوميه'!$I:$I) -> 3 | N90: =+K90+L90-M90 -> 8 | O90: =+N90 -> 8 | P90: =+N90-O90 -> 0
B91: 82 | C91: A | D91: المصنع | E91: سيل | F91: قطعة | G91: SEEL | H91: 60*85*12 | I91: A-8 | J91: A000082 | K91: 0 | L91: =+SUMIF('حركه المخزن الرئيسي اليوميه'!$F:$F,$H:$H,'حركه المخزن الرئيسي اليوميه'!$H:$H) -> 0 | M91: =+SUMIF('حركه المخزن الرئيسي اليوميه'!$F:$F,$H:$H,'حركه المخزن الرئيسي اليوميه'!$I:$I) -> 0 | N91: =+K91+L91-M91 -> 0 | O91: =+N91 -> 0 | P91: =+N91-O91 -> 0
B92: 83 | C92: A | D92: المصنع | E92: سيل | F92: قطعة | G92: SEAL | H92: 75*100*12 | I92: P-3 | J92: A000083 | K92: 42 | L92: =+SUMIF('حركه المخزن الرئيسي اليوميه'!$F:$F,$H:$H,'حركه المخزن الرئيسي اليوميه'!$H:$H) -> 0 | M92: =+SUMIF('حركه المخزن الرئيسي اليوميه'!$F:$F,$H:$H,'حركه المخزن الرئيسي اليوميه'!$I:$I) -> 0 | N92: =+K92+L92-M92 -> 42 | O92: =+N92 -> 42 | P92: =+N92-O92 -> 0
B93: 84 | C93: A | D93: المصنع | E93: سيل | F93: قطعة | G93: SEAL | H93: 95*76*9 | I93: P-2 | J93: A000084 | K93: 45 | L93: =+SUMIF('حركه المخزن الرئيسي اليوميه'!$F:$F,$H:$H,'حركه المخزن الرئيسي اليوميه'!$H:$H) -> 0 | M93: =+SUMIF('حركه المخزن الرئيسي اليوميه'!$F:$F,$H:$H,'حركه المخزن الرئيسي اليوميه'!$I:$I) -> 0 | N93: =+K93+L93-M93 -> 45 | O93: =+N93 -> 45 | P93: =+N93-O93 -> 0
... B100: 91 | C100: A | D100: المصنع | E100: سيل | F100: قطعة | G100: SEAL | H100: 35*55*11 | I100: P-3 | J100: A000091 | K100: 2 | L100: =+SUMIF('حركه المخزن الرئيسي اليوميه'!$F:$F,$H:$H,'حركه المخزن الرئيسي اليوميه'!$H:$H) -> 0 | M100: =+SUMIF('حركه المخزن الرئيسي اليوميه'!$F:$F,$H:$H,'حركه المخزن الرئيسي اليوميه'!$I:$I) -> 0 | N100: =+K100+L100-M100 -> 2 | O100: =+N100 -> 2 | P100: =+N100-O100 -> 0
B101: 92 | C101: A | D101: المصنع | E101: سيل | F101: قطعة | G101: SEAL | H101: 50*75*12 | I101: P-3 | J101: A000092 | K101: 6 | L101: =+SUMIF('حركه المخزن الرئيسي اليوميه'!$F:$F,$H:$H,'حركه المخزن الرئيسي اليوميه'!$H:$H) -> 0 | M101: =+SUMIF('حركه المخزن الرئيسي اليوميه'!$F:$F,$H:$H,'حركه المخزن الرئيسي اليوميه'!$I:$I) -> 0 | N101: =+K101+L101-M101 -> 6 | O101: =+N101 -> 6 | P101: 0
B102: 93 | C102: A | D102: المصنع | E102: سيل | F102: قطعة | G102: SEAL | H102: 60*50*12 | I102: P-3 | J102: A000093 | K102: 0 | L102: =+SUMIF('حركه المخزن الرئيسي اليوميه'!$F:$F,$H:$H,'حركه المخزن الرئيسي اليوميه'!$H:$H) -> 0 | M102: =+SUMIF('حركه المخزن الرئيسي اليوميه'!$F:$F,$H:$H,'حركه المخزن الرئيسي اليوميه'!$I:$I) -> 0 | N102: =+K102+L102-M102 -> 0 | O102: =+N102 -> 0 | P102: =+N102-O102 -> 0
B103: 94 | C103: A | D103: المصنع | E103: سيل | F103: قطعة | G103: SEAL | H103: 75*100*13 | I103: P-3 | J103: A000094 | K103: 4 | L103: =+SUMIF('حركه المخزن الرئيسي اليوميه'!$F:$F,$H:$H,'حركه المخزن الرئيسي اليوميه'!$H:$H) -> 0 | M103: =+SUMIF('حركه المخزن الرئيسي اليوميه'!$F:$F,$H:$H,'حركه المخزن الرئيسي اليوميه'!$I:$I) -> 0 | N103: =+K103+L103-M103 -> 4 | O103: =+N103 -> 4 | P103: =+N103-O103 -> 0
B104: 95 | C104: A | D104: المصنع | E104: سيل | F104: قطعة | G104: SEAL | H104: 130*160*12 | I104: P-6 | J104: A000095 | K104: 6 | L104: =+SUMIF('حركه المخزن الرئيسي اليوميه'!$F:$F,$H:$H,'حركه المخزن الرئيسي اليوميه'!$H:$H) -> 0 | M104: =+SUMIF('حركه المخزن الرئيسي اليوميه'!$F:$F,$H:$H,'حركه المخزن الرئيسي اليوميه'!$I:$I) -> 0 | N104: =+K104+L104-M104 -> 6 | O104: =+N104 -> 6 | P104: =+N104-O104 -> 0
B105: 96 | C105: A | D105: المصنع | E105: سيل | F105: قطعة | G105: SEEL | H105: 140*160*15 | I105: P-7 | J105: A000096 | K105: 42 | L105: =+SUMIF('حركه المخزن الرئيسي اليوميه'!$F:$F,$H:$H,'حركه المخزن الرئيسي اليوميه'!$H:$H) -> 0 | M105: =+SUMIF('حركه المخزن الرئيسي اليوميه'!$F:$F,$H:$H,'حركه المخزن الرئيسي اليوميه'!$I:$I) -> 0 | N105: =+K105+L105-M105 -> 42 | O105: =+N105 -> 42 | P105: =+N105-O105 -> 0
B106: 97 | C106: A | D106: المصنع | E106: سيل | F106: قطعة | G106: SEEL | H106: 55*80*12 | I106: P-2 | J106: A000097 | K106: 2 | L106: =+SUMIF('حركه المخزن الرئيسي اليوميه'!$F:$F,$H:$H,'حركه المخزن الرئيسي اليوميه'!$H:$H) -> 0 | M106: =+SUMIF('حركه المخزن الرئيسي اليوميه'!$F:$F,$H:$H,'حركه المخزن الرئيسي اليوميه'!$I:$I) -> 0 | N106: =+K106+L106-M106 -> 2 | O106: =+N106 -> 2 | P106: =+N106-O106 -> 0
B107: 98 | C107: A | D107: المصنع | E107: سيل | F107: قطعة | G107: SEEL | H107: 80*110*13 | I107: P-5 | J107: A000098 | K107: 2 | L107: =+SUMIF('حركه المخزن الرئيسي اليوميه'!$F:$F,$H:$H,'حركه المخزن الرئيسي اليوميه'!$H:$H) -> 0 | M107: =+SUMIF('حركه المخزن الرئيسي اليوميه'!$F:$F,$H:$H,'حركه المخزن الرئيسي اليوميه'!$I:$I) -> 0 | N107: =+K107+L107-M107 -> 2 | O107: =+N107 -> 2 | P107: =+N107-O107 -> 0
B108: 99 | C108: A | D108: المصنع | E108: سيل | F108: قطعة | G108: SEAL | H108: 100*125*12 | I108: P-5 | J108: A000099 | K108: 25 | L108: =+SUMIF('حركه المخزن الرئيسي اليوميه'!$F:$F,$H:$H,'حركه المخزن الرئيسي اليوميه'!$H:$H) -> 0 | M108: =+SUMIF('حركه المخزن الرئيسي اليوميه'!$F:$F,$H:$H,'حركه المخزن الرئيسي اليوميه'!$I:$I) -> 0 | N108: =+K108+L108-M108 -> 25 | O108: =+N108 -> 25 | P108: =+N108-O108 -> 0
B109: 100 | C109: A | D109: المصنع | E109: سيل | F109: قطعة | G109: SEAL | H109: 127*101.6*12.7 | I109: P-4 | J109: A000100 | K109: 86 | L109: =+SUMIF('حركه المخزن الرئيسي اليوميه'!$F:$F,$H:$H,'حركه المخزن الرئيسي اليوميه'!$H:$H) -> 0 | M109: =+SUMIF('حركه المخزن الرئيسي اليوميه'!$F:$F,$H:$H,'حركه المخزن الرئيسي اليوميه'!$I:$I) -> 0 | N109: =+K109+L109-M109 -> 86 | O109: =+N109 -> 86 | P109: =+N109-O109 -> 0
...

Sheet حركه المخزن الرئيسي اليوميه
F2: شركة أورشاب لتعدين الذهب
F3: تقرير المخزن يناير 2026
H4: الكمبة
B5: اسم المخزن | C5: رقم سند الصرف/المنفست | D5: كود الصنف | E5: اسم الصنف | F5: رقم الصنف | G5: اتاريخ | H5: وارد | I5: منصرف | J5: اسم المستلم | K5: اسم المسلم ( الواردات ) | L5: جهة الاستخدام | M5: ملاحظات
B6: الفرعي | C6: 25493 | D6: C000035 | E6: DN 100/16 بلف عادي | F6: DN 100/16 بلف عادي | G6: 46023 | I6: 1 | J6: عصام حمد | L6: سايكلون الطواحين
B7: الرئيسي | C7: 25493 | D7: A000392 | E7: C 2427 Li سير | F7: C 2427 Li | G7: 46023 | I7: 4 | J7: عصام حمد | L7: طلمبة الفلتر
B8: الرئيسي | C8: 25493 | D8: A000677 | E8: 2" كلبسات سير | F8: 2" كلبسات سير | G8: 46023 | I8: 7 | J8: عصام حمد | L8: سير الفلتر
B9: الفرعي | C9: 25493 | D9: C000187 | E9: خرطوش 1بوصة (عب الواطه) | F9: خرطوش 1بوصة (عب الواطه) | G9: 46023 | I9: 1 | J9: عصام حمد | L9: السكن | XFD9: ي
B10: الفرعي | C10: 25493 | D10: C000164 | E10: لستك درداقه مع عجل حديد | F10: لستك درداقه مع عجل حديد | G10: 46023 | I10: 2 | J10: عصام حمد | L10: الصيانة | XFD10: ي
B11: الرئيسي | C11: 25493 | D11: A000472 | E11: 1.1\2-3\4 تي حديد مخفض | F11: 1.1\2-3\4 تي حديد مخفض | G11: 46023 | I11: 1 | J11: عصام حمد | L11: التنوكة
B12: الكهرباء | C12: 25494 | D12: B000029 | E12: وصلة حساس (الفلتر) | F12: وصلة حساس (الفلتر) | G12: 46023 | I12: 1 | J12: مهند يوسف | L12: الفلتر | XFD12: ي
B13: الرئيسي | C13: 25494 | D13: A000999 | E13: جهاز تامين سيور المصنع | F13: جهاز تامين سيور المصنع | G13: 46023 | I13: 1 | J13: مهند يوسف | L13: سير الفلتر
B14: الرئيسي | C14: 25494 | D14: A000675 | E14: ترنكات بلاستيك 2سم / 25*25 | F14: ترنكات بلاستيك 2سم / 25*25 | G14: 46023 | I14: 3 | J14: مهند يوسف | L14: الفلتر
B15: الكهرباء | C15: 25494 | D15: B000165 | E15: لمبه بيان عادي احمر | F15: لمبه بيان عادي احمر | G15: 46023 | I15: 1 | J15: مهند يوسف | L15: الفلتر
B16: الرئيسي | C16: 25495 | D16: A000027 | E16: بلي | F16: 6204 - 2RS | G16: 46024 | I16: 4 | J16: عصام حمد | L16: الكمبرسون
B17: الفرعي | C17: 25495 | D17: C000052 | E17: رولة سيرتوجية حديد | F17: 57*160 | G17: 46024 | I17: 1 | J17: عصام حمد
B18: الرئيسي | C18: 25495 | D18: A000620 | E18: بلف عادي PPR | F18: PPR 3\4"عادي | G18: 46024 | I18: 2 | J18: عصام حمد | L18: السكن
B19: الرئيسي | C19: 25495 | D19: A000469 | E19: نبل حديد | F19: 1.1\4 نبل حديد | G19: 46024 | I19: 1 | J19: عصام حمد | L19: خط الكسارة
B20: الرئيسي | C20: 25495 | D20: A000481 | E20: جلبة مخفض حديد | F20: مخفض من1.1/2" الى 1.1/4 | G20: 46024 | I20: 1 | J20: عصام حمد | L20: خط الكسارة
B21: الرئيسي | C21: 25495 | D21: A000570 | E21: جلبة سنة خارجية 3/4 PPR | F21: جلبة سنة خارجية 3/4 PPR | G21: 46024 | I21: 1 | J21: عصام حمد | L21: خط الكسارة
B22: الساحه | C22: 25496 | D22: D000149 | E22: قاعدة اسكرينات دائرية | F22: قاعدة اسكرينات دائرية | G22: 46025 | I22: 1 | J22: عصام حمد | L22: التنوكة
B23: الرئيسي | C23: 25496 | D23: A000027 | E23: بلي | F23: 6204 - 2RS | G23: 46025 | I23: 4 | J23: عصام حمد | L23: الكمبرسون
B24: الرئيسي | C24: 25496 | D24: C000143 | E24: رولة سير حديد | F24: 89*300 | G24: 46025 | I24: 2 | J24: عصام حمد | L24: سير الفلتر
B25: الرئيسي | C25: 25496 | D25: A000259 | E25: طارة نظافة - صغيرة | F25: طارة نظافة 150*6*22.2 mm | G25: 46025 | I25: 1 | J25: عصام حمد | L25: الحدادة
B26: الرئيسي | C26: 25496 | D26: A000620 | E26: بلف عادي PPR | F26: PPR 3\4"عادي | G26: 46025 | I26: 3 | J26: عصام حمد | L26: السكن
B27: الرئيسي | C27: 25497 | D27: A000920 | E27: مسامير 24طول 10سم | F27: مسامير 24طول 10سم | G27: 46025 | I27: 10 | J27: عصام حمد | L27: التنوكة
B28: الرئيسي | C28: 25497 | D28: A000918 | E28: مسامير 17 طول 8 سم | F28: مسامير 17 طول 8 سم | G28: 46025 | I28: 5 | J28: عصام حمد | L28: طلمبة الفريش
B29: الرئيسي | C29: 25497 | D29: A001275 | E29: مسامير 30 طول 17 سم | F29: مسامير 30 طول 17 سم | G29: 46025 | I29: 1 | J29: عصام حمد | L29: البلور
... B98: الرئيسي | C98: 25515 | D98: A000816 | E98: فلتر جاز | F98: فلتر جاز ch 10930 | G98: 46030 | I98: 1 | J98: مهند يوسف | L98: مولد رقم 7
B99: الرئيسي | C99: 25516 | D99: A000049 | E99: بلي | F99: 6314 | G99: 46031 | I99: 2 | J99: مهند يوسف | L99: موتور جربوكس تنك 8
B100: الرئيسي | C100: 25516 | D100: A000999 | E100: جهاز تامين سيور المصنع | F100: جهاز تامين سيور المصنع | G100: 46031 | I100: 1 | J100: مهند يوسف | L100: سير الكسارة
B101: الرئيسي | C101: 25516 | D101: A000918 | E101: مسامير 17 طول 8 سم | F101: مسامير 17 طول 8 سم | G101: 46031 | I101: 2 | J101: مهند يوسف | L101: سير الكسارة
B102: الكهرباء | C102: 25516 | D102: B000398 | E102: شحم موتورات لزوجة 3 | F102: شحم موتورات لزوجة 3 | G102: 46031 | I102: 1 | J102: مهند يوسف | L102: الموتورات
B103: الفرعي | C103: 25517 | D103: C000203 | E103: 3" PPR ماسورة | F103: 3" PPR ماسورة | G103: 46031 | I103: 2 | J103: نابغ عبدالغني | L103: خط الجاز
B104: الرئيسي | C104: 25517 | D104: A001618 | E104: نبل استيل 1" | F104: نبل استيل 1" | G104: 46031 | I104: 1 | J104: نابغ عبدالغني | L104: طلمبة الفريش
B105: الرئيسي | C105: 25517 | D105: A000918 | E105: مسامير 17 طول 8 سم | F105: مسامير 17 طول 8 سم | G105: 46031 | I105: 12 | J105: نابغ عبدالغني | L105: الفلتر
B106: الرئيسي | C106: 25517 | D106: A000988 | E106: مسامير 19 طول 10 سم | F106: مسامير 19 طول 10 سم | G106: 46031 | I106: 8 | J106: نابغ عبدالغني | L106: خط الجاز + طلمبة الفريش
B107: الرئيسي | C107: 25517 | D107: A000920 | E107: مسامير 24طول 10سم | F107: مسامير 24طول 10سم | G107: 46031 | I107: 4 | J107: نابغ عبدالغني | L107: السايكلون
B108: الرئيسي | C108: 25517 | D108: A001275 | E108: مسامير 30 طول 17 سم | F108: مسامير 30 طول 17 سم | G108: 46031 | I108: 1 | J108: نابغ عبدالغني | L108: هزاز الكسارة
B109: الرئيسي | C109: 25518 | D109: A000150 | E109: بلي | F109: 32228J | G109: 46031 | I109: 2 | J109: نابغ عبدالغني | L109: جربوكس تنك 8
B110: الرئيسي | C110: 25518 | D110: A000088 | E110: سيل | F110: 160*190*15 | G110: 46031 | I110: 2 | J110: نابغ عبدالغني | L110: جربوكس تنك 8
B111: الفرعي | C111: 25518 | D111: C000020 | E111: بلف سايكلون | F111: DN 80 | G111: 46031 | I111: 1 | J111: نابغ عبدالغني | L111: السايكلون
B112: الرئيسي | C112: 25519 | D112: A000079 | E112: سيل | F112: 35*55*12 | G112: 46032 | I112: 2 | J112: نابغ عبدالغني | L112: طلمبة الفرش
B113: الرئيسي | C113: 25519 | D113: A000030 | E113: بلي | F113: 6307 | G113: 46032 | I113: 2 | J113: نابغ عبدالغني | L113: طلمبة الفرش
B114: الرئيسي | C114: 25519 | D114: A000081 | E114: سيل | F114: 50*70*12 | G114: 46032 | I114: 2 | J114: نابغ عبدالغني | L114: طلمبة الفرش
B115: الرئيسي | C115: 25519 | D115: A000246 | E115: سيل قلاند (الطواحين) | F115: سيل قلاند (الطواحين) | G115: 46032 | I115: 1 | J115: نابغ عبدالغني | L115: طلمبة الفرش
B116: الرئيسي | C116: 25519 | D116: A000512 | E116: 2" يونية حديد | F116: 2" يونية حديد | G116: 46032 | I116: 1 | J116: نابغ عبدالغني | L116: خط الفلوك
B117: الرئيسي | C117: 25519 | D117: A000677 | E117: 2" كلبسات سير | F117: 2" كلبسات سير | G117: 46032 | I117: 1 | J117: نابغ عبدالغني | L117: سير الفلتر
B118: الساحة | C118: 25520 | D118: D000066 | E118: صاج سماكه 8 ملي مقاس 120*140 | F118: صاج سماكه 8 ملي مقاس 120*140 | G118: 46032 | I118: 1 | J118: نابغ عبدالغني | L118: التنوكة
B119: الساحة | C119: 25520 | D119: D000188 | E119: 1.1\4" ماسورة حديد طول 6 متر | F119: 1.1\4" ماسورة حديد طول 6 متر | G119: 46032 | I119: 1 | J119: نابغ عبدالغني | L119: تنك 8
B120: الرئيسي | C120: 25520 | D120: A000469 | E120: 1.1\4 نبل حديد | F120: 1.1\4 نبل حديد | G120: 46032 | I120: 2 | J120: نابغ عبدالغني | L120: تنك 8
B121: الرئيسي | C121: 25520 | D121: A000481 | E121: جلبة مخفض حديد | F121: مخفض من1.1/2" الى 1.1/4 | G121: 46032 | I121: 2 | J121: نابغ عبدالغني | L121: تنك 8
B122: الرئيسي | C122: 25520 | D122: A000450 | E122: 1.1/4 كوع حديد | F122: 1.1/4 كوع حديد | G122: 46032 | I122: 1 | J122: نابغ عبدالغني | L122: تنك 8
B123: الرئيسي | C123: 25520 | D123: A000259 | E123: طارة نظافة - صغيرة | F123: طارة نظافة 150*6*22.2 mm | G123: 46032 | I123: 1 | J123: نابغ عبدالغني | L123: الحدادة
B124: الرئيسي | C124: 25521 | D124: A000229 | E124: جلبة طلمبة الطواحين 6/4 | F124: جلبة طلمبة الطواحين 6/4 | G124: 46032 | I124: 1 | J124: نابغ عبدالغني | L124: طلمبة الطواحين
B125: الرئيسي | C125: 25521 | D125: A000699 | E125: سيل | F125: E 4124 | G125: 46032 | I125: 1 | J125: نابغ عبدالغني | L125: طلمبة الطواحين
... B141: الرئيسي | C141: 25526 | D141: A000699 | E141: سيل | F141: E 4124 | G141: 46033 | I141: 1 | J141: نابغ عبدالغني | L141: طلمبة الطواحين
B142: الرئيسي | C142: 1267 | D142: A000862 | E142: اكياس عينات 2 كيلو | F142: اكياس عينات 2 كيلو | G142: 46034 | H142: 3400 | J142: احمد سليمان | L142: المنجم + الاستكشاف | M142: ورد عطبرة - بوكس رقم 13574 - حسن عبدالله ( 1400 = الاستكشاف - 2000 = المنجم )
B143: الرئيسي | C143: 25527 | D143: A000677 | E143: 2" كلبسات سير | F143: 2" كلبسات سير | G143: 46034 | I143: 10 | J143: نابغ عبدالغني | L143: سير الفلتر
B144: الرئيسي | C144: 25527 | D144: A000551 | E144: جلب لحام PPR | F144: جلب لحام PPR 3\4 | G144: 46034 | I144: 1 | J144: نابغ عبدالغني | L144: حمامات المصنع
B145: الرئيسي | C145: 25527 | D145: A000568 | E145: 3\4" PPR يونية | F145: 3\4" PPR يونية | G145: 46034 | I145: 1 | J145: نابغ عبدالغني | L145: حمامات المصنع
B146: الرئيسي | C146: 25527 | D146: A000922 | E146: مسامير 30 طول 10 سم | F146: مسامير 30 طول 10 سم | G146: 46034 | I146: 2 | J146: نابغ عبدالغني | L146: الخلية
B147: الرئيسي | C147: 25527 | D147: A000920 | E147: مسامير 24طول 10سم | F147: مسامير 24طول 10سم | G147: 46034 | I147: 1 | J147: نابغ عبدالغني | L147: الخلية
B148: الرئيسي | C148: 25529 | D148: A000677 | E148: 2" كلبسات سير | F148: 2" كلبسات سير | G148: 46035 | I148: 89 | J148: نابغ عبدالغني | L148: سير الفلتر + الكسارة
B149: الرئيسي | C149: 25529 | D149: A000257 | E149: سيليكون | F149: سيليكون | G149: 46035 | I149: 1 | J149: نابغ عبدالغني | L149: طلمبة الفريش
B150: الرئيسي | C150: 25529 | D150: A000988 | E150: مسامير 19 طول 10 سم | F150: مسامير 19 طول 10 سم | G150: 46035 | I150: 5 | J150: نابغ عبدالغني | L150: طلمبة الفريش
B151: الرئيسي | C151: 25529 | D151: A000488 | E151: 1\2 بلف زاوية | F151: 1\2 بلف زاوية | G151: 46035 | I151: 1 | J151: نابغ عبدالغني | L151: العيادة
B152: الرئيسي | C152: 25529 | D152: A000533 | E152: 4" PPR جلب كبس | F152: 4" PPR جلب كبس | G152: 46035 | I152: 1 | J152: نابغ عبدالغني | L152: المصنع
B153: الساحة | C153: 25530 | D153: D000110 | E153: صاج بقلاوة /سمك 6ملم | F153: صاج بقلاوة /سمك 6ملم | G153: 46035 | I153: 4 | J153: نابغ عبدالغني | L153: التنوكة
B154: الساحة | C154: 25530 | D154: D000241 | E154: صاج سماكه 10 ملي مقاس 120*140 | F154: صاج سماكه 10 ملي مقاس 120*140 | G154: 46035 | I154: 1 | J154: نابغ عبدالغني | L154: التنوكة
... B188: الرئيسي | C188: 25539 | D188: A000930 | E188: مسامير 46 طول 20 سم | F188: مسامير 46 طول 20 سم | G188: 46038 | I188: 8 | J188: نابغ عبدالغني | L188: جربوكس تنك 8
B189: الرئيسي | C189: 25540 | D189: A000862 | E189: اكياس عينات 2 كيلو | F189: اكياس عينات 2 كيلو | G189: 46038 | I189: 2000 | J189: هاشم فتح الرحمن | L189: الاستكشاف
B190: الرئيسي | C190: 25541 | D190: A000351 | E190: كمامة طبية | F190: كمامة طبية | G190: 46038 | I190: 40 | J190: ابوحذيفه علي | L190: السلامة العامه
B191: الفرعي | C191: 25541 | D191: C000189 | E191: بوهية ( جالون ) | F191: بوهية ( جالون ) | G191: 46038 | I191: 1 | J191: ابوحذيفه علي | L191: السلامة العامه
B192: الرئيسي | C192: 25541 | D192: A000882 | E192: خوذة صفراء | F192: خوذة صفراء | G192: 46038 | I192: 1 | J192: ابوحذيفه علي | L192: السلامة العامه
B193: الرئيسي | C193: 25541 | D193: A001405 | E193: جونتي 300 | F193: جونتي 300 | G193: 46038 | I193: 5 | J193: ابوحذيفه علي | L193: السلامة العامه
B194: الرئيسي | C194: 25541 | D194: A000364 | E194: جونتي طبي | F194: جونتي طبي | G194: 46038 | I194: 10 | J194: ابوحذيفه علي | L194: السلامة العامه
B195: الرئيسي | C195: 25542 | D195: A000654 | E195: طلمبة شفط مياة المنجم | F195: طلمبة شفط مياة المنجم | G195: 46038 | I195: 1 | J195: عبدالرحمن يحي | L195: المنجم
B196: الرئيسي | C196: 1268 | D196: A000325 | E196: طارة قطع "9 (سالي) | F196: طارة قطع "9 (سالي) | G196: 46039 | H196: 5 | J196: احمد سليمان | L196: الصيانة المصنع | M196: وارد نواريا فاتورة 0068182
B197: الفرعي | C197: 25543 | D197: C000143 | E197: رولة سير حديد | F197: 89*300 | G197: 46039 | I197: 7 | J197: نابغ عبدالغني | L197: سير الفلتر
B198: الرئيسي | C198: 25543 | D198: A000920 | E198: مسامير 24طول 10سم | F198: مسامير 24طول 10سم | G198: 46039 | I198: 10 | J198: نابغ عبدالغني | L198: محطة المياة + التنوكة
B199: الرئيسي | C199: 25543 | D199: A000325 | E199: طارة قطع "9 (سالي) | F199: طارة قطع "9 (سالي) | G199: 46039 | I199: 5 | J199: نابغ عبدالغني | L199: الحدادة
B200: الرئيسي | C200: 25543 | D200: A000866 | E200: باكو لحام | F200: 12 لحام عادي | G200: 46039 | I200: 2 | J200: نابغ عبدالغني | L200: الحدادة
B201: الرئيسي | C201: 25543 | D201: A000874 | E201: توفلن | F201: توفلن 65*30 | G201: 46039 | I201: 8 | J201: نابغ عبدالغني | L201: الكسارة
B202: الرئيسي | C202: 25543 | D202: A000630 | E202: ورد بلاستيك الطواحين | F202: ورد بلاستيك الطواحين | G202: 46039 | I202: 2 | J202: نابغ عبدالغني | L202: الطواحين
B203: الرئيسي | C203: 25544 | D203: A000819 | E203: فلتر جاز | F203: فلتر جاز ch10931 | G203: 46039 | I203: 2 | J203: محمد ربيع | L203: مولد رقم 4 + 3
B204: الرئيسي | C204: 25544 | D204: A000816 | E204: فلتر جاز | F204: فلتر جاز ch 10930 | G204: 46039 | I204: 2 | J204: محمد ربيع | L204: مولد رقم 4 + 3
B205: الرئيسي | C205: 25544 | D205: A000805 | E205: فلتر زيت | F205: فلتر زيت ch10929 | G205: 46039 | I205: 2 | J205: محمد ربيع | L205: مولد رقم 4 + 3
B206: الرئيسي | C206: 25544 | D206: A000830 | E206: كيس فلتر جاز | F206: كيس فلتر جاز CH11011 | G206: 46039 | I206: 1 | J206: محمد ربيع | L206: مولد رقم 4
B207: الكهرباء | C207: 25544 | D207: B000099 | E207: بريكر 1250A | F207: بريكر 1250A | G207: 46039 | I207: 1 | J207: محمد ربيع | L207: مولد رقم 1
B208: الكهرباء | C208: 25544 | D208: B000450 | E208: ريلي مولدات VDC- 8A 250V - AC | F208: ريلي مولدات VDC- 8A 250V - AC | G208: 46039 | I208: 3 | J208: محمد ربيع | L208: مولد رقم 1
... B223: الرئيسي | C223: 25548 | D223: A000476 | E223: 2" نبل حديد | F223: 2" نبل حديد | G223: 46040 | I223: 3 | J223: نابغ عبدالغني | L223: التنك 8
B224: الكهرباء | C224: 1269 | D224: B000450 | E224: ريلي مولدات VDC- 8A 250V - AC | F224: ريلي مولدات VDC- 8A 250V - AC | G224: 46040 | H224: 3 | J224: احمد سليمان | L224: الكهرباء | M224: استرداد صرف ( سند صرف 025544 )
B225: الرئيسي | C225: 25549 | D225: A001302 | E225: جلب عمود is125-100-200B ( طلمبة الفرش ) | F225: جلب عمود is125-100-200B ( طلمبة الفرش ) | G225: 46041 | I225: 1 | J225: نابغ عبدالغني | L225: طلمبة الفريش
B226: الرئيسي | C226: 25549 | D226: A001300 | E226: عمود is125-100-200 ( طلمبه الفرش ) | F226: عمود is125-100-200 ( طلمبه الفرش ) | G226: 46041 | I226: 1 | J226: نابغ عبدالغني | L226: طلمبة الفريش
B227: الرئيسي | C227: 25549 | D227: A000030 | E227: بلي | F227: 6307 | G227: 46041 | I227: 2 | J227: نابغ عبدالغني | L227: طلمبة الفريش
B228: الرئيسي | C228: 25549 | D228: A001304 | E228: باكن قلاند طلمبة الفرش is125-100-200 | F228: باكن قلاند طلمبة الفرش is125-100-200 | G228: 46041 | I228: 1 | J228: نابغ عبدالغني | L228: طلمبة الفريش
B229: الساحة | C229: 25549 | D229: D000099 | E229: ريشة مروحة التنوكة كبيرة | F229: ريشة مروحة التنوكة كبيرة | G229: 46041 | I229: 8 | J229: نابغ عبدالغني | L229: تنك 8
B230: الساحة | C230: 25549 | D230: D000242 | E230: كمر يو U | F230: كمر يو U | G230: 46041 | I230: 1 | J230: نابغ عبدالغني | L230: تنك 8
B231: الفرعي | C231: 25550 | D231: C000143 | E231: رولة سير حديد | F231: 89*300 | G231: 46041 | I231: 2 | J231: نابغ عبدالغني | L231: سير الطواحين +الكسارة
...

Sheet Sheet1
D8: اسم الصنف عربي | E8: الوحدة | G8: رقم الصنف | H8: الرف - الصندوق | L8: الرصيد | M8: الجرد
D9: طبخة فلتر | E9: قطعة | G9: 11*3 طبخة فلتر | H9: B-1 | I9: 3 | J9: 0 | K9: 0 | L9: 3 | M9: 0
D10: طبخة فلتر | E10: قطعة | F10: Sleeve Anchor Bolt | G10: 11.5*3 | H10: B-1 | I10: 7 | J10: 0 | K10: 0 | L10: 7 | M10: 0
D11: طبخة فلتر | E11: قطعة | G11: 16.*3.5 | H11: B-1 | I11: 5 | J11: 0 | K11: 0 | L11: 5 | M11: 0
D12: مسطرة فلتر | E12: قطعة | F12: Slide Botton line | G12: 11*3 مسطرة فلتر | H12: B-1 | I12: 4 | J12: =+SUMIF('حركه المخزن الرئيسي اليوميه'!$F:$F,$H:$H,'حركه المخزن الرئيسي اليوميه'!$H:$H) -> 0 | K12: =+SUMIF('حركه المخزن الرئيسي اليوميه'!$F:$F,$H:$H,'حركه المخزن الرئيسي اليوميه'!$I:$I) -> 0 | L12: =+I12+J12-K12 -> 4 | M12: 0
D13: مسطره فلتر | E13: قطعة | G13: 12*2 | H13: B-1 | I13: 4 | J13: =+SUMIF('حركه المخزن الرئيسي اليوميه'!$F:$F,$H:$H,'حركه المخزن الرئيسي اليوميه'!$H:$H) -> 0 | K13: =+SUMIF('حركه المخزن الرئيسي اليوميه'!$F:$F,$H:$H,'حركه المخزن الرئيسي اليوميه'!$I:$I) -> 0 | L13: =+I13+J13-K13 -> 4 | M13: 0
